,date,longitude,latitude,Sentiment,Comment_b
0,2015-06-30-01,-119.7462,36.17,1,True
1,2015-06-30-01,-111.3877,33.7712,1,True
2,2015-06-30-01,-77.0262,38.8964,0,True
3,2015-06-30-01,-74.9384,42.1497,0,True
4,2015-06-30-01,-74.9384,42.1497,1,True
5,2015-06-30-01,-74.5089,40.314,1,True
6,2015-06-30-01,-74.5089,40.314,1,True
7,2015-07-01-01,-119.7462,36.17,0,True
8,2015-07-01-01,-97.6475,31.105999999999998,1,True
9,2015-07-01-01,-81.717,27.8333,1,True
10,2015-07-01-01,-79.8431,35.6411,1,True
11,2015-07-01-01,-77.264,40.5773,1,True
12,2015-07-01-01,-72.7093,44.0407,0,True
13,2015-07-02-01,-119.7462,36.17,0,True
14,2015-07-02-01,-119.7462,36.17,1,True
15,2015-07-02-01,-119.7462,36.17,1,True
16,2015-07-02-01,-119.7462,36.17,1,True
17,2015-07-02-01,-110.3261,46.9048,0,True
18,2015-07-02-01,-105.3272,39.0646,1,True
19,2015-07-02-01,-97.6475,31.105999999999998,0,True
20,2015-07-02-01,-97.6475,31.105999999999998,1,True
21,2015-07-02-01,-89.0022,40.3363,0,True
22,2015-07-02-01,-86.2604,39.8647,1,True
23,2015-07-02-01,-78.2057,37.768,0,True
24,2015-07-02-01,-77.264,40.5773,0,True
25,2015-07-02-01,-74.9384,42.1497,0,True
26,2015-07-02-01,-74.5089,40.314,1,True
27,2015-07-03-01,-74.5089,40.314,0,True
28,2015-07-05-01,-72.7093,44.0407,1,True
29,2015-07-08-01,-122.1269,44.5672,1,True
30,2015-07-08-01,-119.7462,36.17,0,True
31,2015-07-08-01,-119.7462,36.17,1,True
32,2015-07-08-01,-119.7462,36.17,1,True
33,2015-07-08-01,-111.3877,33.7712,0,True
34,2015-07-08-01,-106.2371,34.8375,0,True
35,2015-07-08-01,-105.3272,39.0646,0,True
36,2015-07-08-01,-105.3272,39.0646,0,True
37,2015-07-08-01,-105.3272,39.0646,0,True
38,2015-07-08-01,-96.9247,35.5376,1,True
39,2015-07-08-01,-93.9196,45.7326,1,True
40,2015-07-08-01,-89.6812,32.7673,0,True
41,2015-07-08-01,-89.6812,32.7673,0,True
42,2015-07-08-01,-86.8073,32.799,1,True
43,2015-07-08-01,-84.5603,43.3504,1,True
44,2015-07-08-01,-83.6487,32.9866,1,True
45,2015-07-08-01,-81.717,27.8333,0,True
46,2015-07-08-01,-80.9066,33.8191,1,True
47,2015-07-08-01,-78.2057,37.768,1,True
48,2015-07-08-01,-77.264,40.5773,0,True
49,2015-07-08-01,-77.264,40.5773,1,True
50,2015-07-08-01,-77.0262,38.8964,0,True
51,2015-07-08-01,-74.9384,42.1497,0,True
52,2015-07-08-01,-74.9384,42.1497,0,True
53,2015-07-08-01,-74.9384,42.1497,1,True
54,2015-07-08-01,-74.9384,42.1497,1,True
55,2015-07-08-01,-74.5089,40.314,1,True
56,2015-07-08-01,-74.5089,40.314,1,True
57,2015-07-08-01,-72.7622,41.5834,1,True
58,2015-07-08-01,-71.5653,43.4108,1,True
59,2015-07-08-01,-71.5314,42.2373,0,True
60,2015-07-08-01,-71.5314,42.2373,1,True
61,2015-07-08-01,-69.3977,44.6074,1,True
62,2015-07-09-01,-157.5311,21.1098,1,True
63,2015-07-09-01,-119.7462,36.17,0,True
64,2015-07-09-01,-86.2604,39.8647,1,True
65,2015-07-09-01,-81.717,27.8333,0,True
66,2015-07-09-01,-78.2057,37.768,1,True
67,2015-07-09-01,-76.7902,39.0724,1,True
68,2015-07-09-01,-74.9384,42.1497,1,True
69,2015-07-09-01,-74.5089,40.314,1,True
70,2015-07-09-01,-71.5653,43.4108,1,True
71,2015-07-09-01,-71.5314,42.2373,1,True
72,2015-07-10-01,-119.7462,36.17,0,True
73,2015-07-10-01,-119.7462,36.17,0,True
74,2015-07-10-01,-119.7462,36.17,0,True
75,2015-07-10-01,-119.7462,36.17,1,True
76,2015-07-10-01,-119.7462,36.17,1,True
77,2015-07-10-01,-119.7462,36.17,1,True
78,2015-07-10-01,-105.3272,39.0646,0,True
79,2015-07-10-01,-97.6475,31.105999999999998,0,True
80,2015-07-10-01,-97.6475,31.105999999999998,0,True
81,2015-07-10-01,-97.6475,31.105999999999998,1,True
82,2015-07-10-01,-97.6475,31.105999999999998,1,True
83,2015-07-10-01,-97.6475,31.105999999999998,1,True
84,2015-07-10-01,-89.6385,44.2563,0,True
85,2015-07-10-01,-86.7489,35.7449,1,True
86,2015-07-10-01,-83.6487,32.9866,0,True
87,2015-07-10-01,-82.7755,40.3736,1,True
88,2015-07-10-01,-81.717,27.8333,0,True
89,2015-07-10-01,-81.717,27.8333,1,True
90,2015-07-10-01,-81.717,27.8333,1,True
91,2015-07-10-01,-79.8431,35.6411,0,True
92,2015-07-10-01,-79.8431,35.6411,1,True
93,2015-07-10-01,-79.8431,35.6411,1,True
94,2015-07-10-01,-78.2057,37.768,0,True
95,2015-07-10-01,-78.2057,37.768,0,True
96,2015-07-10-01,-78.2057,37.768,0,True
97,2015-07-10-01,-78.2057,37.768,1,True
98,2015-07-10-01,-76.7902,39.0724,1,True
99,2015-07-10-01,-74.9384,42.1497,0,True
100,2015-07-10-01,-74.9384,42.1497,0,True
101,2015-07-10-01,-74.9384,42.1497,1,True
102,2015-07-10-01,-74.9384,42.1497,1,True
103,2015-07-10-01,-74.5089,40.314,1,True
104,2015-07-10-01,-74.5089,40.314,1,True
105,2015-07-10-01,-72.7622,41.5834,1,True
106,2015-07-10-01,-71.5314,42.2373,0,True
107,2015-07-10-01,-71.5314,42.2373,1,True
108,2015-07-10-01,-71.5314,42.2373,1,True
109,2015-07-10-01,-71.5314,42.2373,1,True
110,2015-07-10-01,-69.3977,44.6074,1,True
111,2015-07-11-01,-122.1269,44.5672,1,True
112,2015-07-11-01,-121.5708,47.3917,1,True
113,2015-07-11-01,-119.7462,36.17,1,True
114,2015-07-11-01,-119.7462,36.17,1,True
115,2015-07-11-01,-111.3877,33.7712,0,True
116,2015-07-11-01,-97.6475,31.105999999999998,1,True
117,2015-07-11-01,-97.6475,31.105999999999998,1,True
118,2015-07-11-01,-93.9196,45.7326,1,True
119,2015-07-11-01,-83.6487,32.9866,1,True
120,2015-07-11-01,-81.717,27.8333,0,True
121,2015-07-11-01,-79.8431,35.6411,0,True
122,2015-07-11-01,-78.2057,37.768,1,True
123,2015-07-11-01,-78.2057,37.768,1,True
124,2015-07-11-01,-78.2057,37.768,1,True
125,2015-07-11-01,-77.264,40.5773,0,True
126,2015-07-11-01,-77.264,40.5773,0,True
127,2015-07-11-01,-76.7902,39.0724,1,True
128,2015-07-11-01,-74.9384,42.1497,0,True
129,2015-07-11-01,-74.9384,42.1497,0,True
130,2015-07-11-01,-74.9384,42.1497,1,True
131,2015-07-11-01,-74.9384,42.1497,1,True
132,2015-07-11-01,-74.9384,42.1497,1,True
133,2015-07-11-01,-74.9384,42.1497,1,True
134,2015-07-11-01,-74.5089,40.314,1,True
135,2015-07-12-01,-111.8535,40.1135,1,True
136,2015-07-12-01,-105.3272,39.0646,0,True
137,2015-07-12-01,-105.3272,39.0646,1,True
138,2015-07-12-01,-78.2057,37.768,0,True
139,2015-07-12-01,-74.9384,42.1497,1,True
140,2015-07-12-01,-74.5089,40.314,1,True
141,2015-07-12-01,-74.5089,40.314,1,True
142,2015-07-13-01,-121.5708,47.3917,1,True
143,2015-07-13-01,-121.5708,47.3917,1,True
144,2015-07-13-01,-121.5708,47.3917,1,True
145,2015-07-13-01,-119.7462,36.17,0,True
146,2015-07-13-01,-119.7462,36.17,0,True
147,2015-07-13-01,-119.7462,36.17,0,True
148,2015-07-13-01,-119.7462,36.17,0,True
149,2015-07-13-01,-119.7462,36.17,0,True
150,2015-07-13-01,-119.7462,36.17,1,True
151,2015-07-13-01,-119.7462,36.17,1,True
152,2015-07-13-01,-119.7462,36.17,1,True
153,2015-07-13-01,-117.1219,38.4199,0,True
154,2015-07-13-01,-117.1219,38.4199,1,True
155,2015-07-13-01,-111.3877,33.7712,0,True
156,2015-07-13-01,-110.3261,46.9048,1,True
157,2015-07-13-01,-107.2085,42.7475,0,True
158,2015-07-13-01,-105.3272,39.0646,1,True
159,2015-07-13-01,-105.3272,39.0646,1,True
160,2015-07-13-01,-97.6475,31.105999999999998,1,True
161,2015-07-13-01,-97.6475,31.105999999999998,1,True
162,2015-07-13-01,-97.6475,31.105999999999998,1,True
163,2015-07-13-01,-96.9247,35.5376,1,True
164,2015-07-13-01,-96.9247,35.5376,1,True
165,2015-07-13-01,-96.8005,38.5111,1,True
166,2015-07-13-01,-93.9196,45.7326,1,True
167,2015-07-13-01,-93.9196,45.7326,1,True
168,2015-07-13-01,-93.214,42.0046,1,True
169,2015-07-13-01,-92.302,38.4623,1,True
170,2015-07-13-01,-91.8749,31.1801,1,True
171,2015-07-13-01,-89.6385,44.2563,1,True
172,2015-07-13-01,-89.6385,44.2563,1,True
173,2015-07-13-01,-89.6385,44.2563,1,True
174,2015-07-13-01,-89.0022,40.3363,0,True
175,2015-07-13-01,-89.0022,40.3363,1,True
176,2015-07-13-01,-89.0022,40.3363,1,True
177,2015-07-13-01,-89.0022,40.3363,1,True
178,2015-07-13-01,-89.0022,40.3363,1,True
179,2015-07-13-01,-86.2604,39.8647,0,True
180,2015-07-13-01,-84.5603,43.3504,0,True
181,2015-07-13-01,-84.5603,43.3504,0,True
182,2015-07-13-01,-84.5603,43.3504,1,True
183,2015-07-13-01,-83.6487,32.9866,1,True
184,2015-07-13-01,-82.7755,40.3736,1,True
185,2015-07-13-01,-81.717,27.8333,0,True
186,2015-07-13-01,-81.717,27.8333,1,True
187,2015-07-13-01,-81.717,27.8333,1,True
188,2015-07-13-01,-81.717,27.8333,1,True
189,2015-07-13-01,-81.717,27.8333,1,True
190,2015-07-13-01,-80.9066,33.8191,0,True
191,2015-07-13-01,-80.9066,33.8191,1,True
192,2015-07-13-01,-80.9066,33.8191,1,True
193,2015-07-13-01,-80.9066,33.8191,1,True
194,2015-07-13-01,-79.8431,35.6411,0,True
195,2015-07-13-01,-79.8431,35.6411,0,True
196,2015-07-13-01,-79.8431,35.6411,1,True
197,2015-07-13-01,-79.8431,35.6411,1,True
198,2015-07-13-01,-78.2057,37.768,0,True
199,2015-07-13-01,-78.2057,37.768,0,True
200,2015-07-13-01,-78.2057,37.768,0,True
201,2015-07-13-01,-78.2057,37.768,1,True
202,2015-07-13-01,-78.2057,37.768,1,True
203,2015-07-13-01,-77.264,40.5773,0,True
204,2015-07-13-01,-77.264,40.5773,1,True
205,2015-07-13-01,-77.264,40.5773,1,True
206,2015-07-13-01,-77.264,40.5773,1,True
207,2015-07-13-01,-77.264,40.5773,1,True
208,2015-07-13-01,-77.264,40.5773,1,True
209,2015-07-13-01,-76.7902,39.0724,0,True
210,2015-07-13-01,-76.7902,39.0724,1,True
211,2015-07-13-01,-76.7902,39.0724,1,True
212,2015-07-13-01,-76.7902,39.0724,1,True
213,2015-07-13-01,-75.5148,39.3498,1,True
214,2015-07-13-01,-74.9384,42.1497,0,True
215,2015-07-13-01,-74.9384,42.1497,0,True
216,2015-07-13-01,-74.9384,42.1497,0,True
217,2015-07-13-01,-74.9384,42.1497,0,True
218,2015-07-13-01,-74.9384,42.1497,0,True
219,2015-07-13-01,-74.9384,42.1497,0,True
220,2015-07-13-01,-74.9384,42.1497,1,True
221,2015-07-13-01,-74.9384,42.1497,1,True
222,2015-07-13-01,-74.9384,42.1497,1,True
223,2015-07-13-01,-74.9384,42.1497,1,True
224,2015-07-13-01,-74.9384,42.1497,1,True
225,2015-07-13-01,-74.9384,42.1497,1,True
226,2015-07-13-01,-74.9384,42.1497,1,True
227,2015-07-13-01,-74.9384,42.1497,1,True
228,2015-07-13-01,-74.9384,42.1497,1,True
229,2015-07-13-01,-74.9384,42.1497,1,True
230,2015-07-13-01,-74.5089,40.314,0,True
231,2015-07-13-01,-74.5089,40.314,0,True
232,2015-07-13-01,-74.5089,40.314,0,True
233,2015-07-13-01,-74.5089,40.314,0,True
234,2015-07-13-01,-74.5089,40.314,0,True
235,2015-07-13-01,-74.5089,40.314,0,True
236,2015-07-13-01,-74.5089,40.314,0,True
237,2015-07-13-01,-74.5089,40.314,1,True
238,2015-07-13-01,-74.5089,40.314,1,True
239,2015-07-13-01,-74.5089,40.314,1,True
240,2015-07-13-01,-74.5089,40.314,1,True
241,2015-07-13-01,-74.5089,40.314,1,True
242,2015-07-13-01,-72.7622,41.5834,0,True
243,2015-07-13-01,-72.7622,41.5834,0,True
244,2015-07-13-01,-72.7622,41.5834,1,True
245,2015-07-13-01,-72.7622,41.5834,1,True
246,2015-07-13-01,-72.7622,41.5834,1,True
247,2015-07-13-01,-72.7622,41.5834,1,True
248,2015-07-13-01,-71.5653,43.4108,1,True
249,2015-07-13-01,-71.5314,42.2373,0,True
250,2015-07-13-01,-71.5314,42.2373,1,True
251,2015-07-13-01,-71.5314,42.2373,1,True
252,2015-07-13-01,-71.5314,42.2373,1,True
253,2015-07-13-01,-69.3977,44.6074,1,True
254,2015-07-14-01,-122.1269,44.5672,0,True
255,2015-07-14-01,-122.1269,44.5672,1,True
256,2015-07-14-01,-122.1269,44.5672,1,True
257,2015-07-14-01,-121.5708,47.3917,0,True
258,2015-07-14-01,-121.5708,47.3917,0,True
259,2015-07-14-01,-119.7462,36.17,0,True
260,2015-07-14-01,-119.7462,36.17,0,True
261,2015-07-14-01,-119.7462,36.17,0,True
262,2015-07-14-01,-119.7462,36.17,1,True
263,2015-07-14-01,-119.7462,36.17,1,True
264,2015-07-14-01,-119.7462,36.17,1,True
265,2015-07-14-01,-119.7462,36.17,1,True
266,2015-07-14-01,-119.7462,36.17,1,True
267,2015-07-14-01,-119.7462,36.17,1,True
268,2015-07-14-01,-119.7462,36.17,1,True
269,2015-07-14-01,-119.7462,36.17,1,True
270,2015-07-14-01,-119.7462,36.17,1,True
271,2015-07-14-01,-117.1219,38.4199,0,True
272,2015-07-14-01,-117.1219,38.4199,1,True
273,2015-07-14-01,-111.3877,33.7712,0,True
274,2015-07-14-01,-106.2371,34.8375,0,True
275,2015-07-14-01,-105.3272,39.0646,1,True
276,2015-07-14-01,-97.6475,31.105999999999998,1,True
277,2015-07-14-01,-97.6475,31.105999999999998,1,True
278,2015-07-14-01,-96.8005,38.5111,0,True
279,2015-07-14-01,-96.8005,38.5111,1,True
280,2015-07-14-01,-96.8005,38.5111,1,True
281,2015-07-14-01,-93.9196,45.7326,0,True
282,2015-07-14-01,-89.0022,40.3363,0,True
283,2015-07-14-01,-89.0022,40.3363,1,True
284,2015-07-14-01,-89.0022,40.3363,1,True
285,2015-07-14-01,-86.7489,35.7449,1,True
286,2015-07-14-01,-86.2604,39.8647,0,True
287,2015-07-14-01,-86.2604,39.8647,0,True
288,2015-07-14-01,-86.2604,39.8647,1,True
289,2015-07-14-01,-86.2604,39.8647,1,True
290,2015-07-14-01,-84.6514,37.669000000000004,1,True
291,2015-07-14-01,-84.5603,43.3504,1,True
292,2015-07-14-01,-84.5603,43.3504,1,True
293,2015-07-14-01,-84.5603,43.3504,1,True
294,2015-07-14-01,-83.6487,32.9866,1,True
295,2015-07-14-01,-82.7755,40.3736,1,True
296,2015-07-14-01,-82.7755,40.3736,1,True
297,2015-07-14-01,-81.717,27.8333,0,True
298,2015-07-14-01,-81.717,27.8333,1,True
299,2015-07-14-01,-81.717,27.8333,1,True
300,2015-07-14-01,-81.717,27.8333,1,True
301,2015-07-14-01,-81.717,27.8333,1,True
302,2015-07-14-01,-81.717,27.8333,1,True
303,2015-07-14-01,-79.8431,35.6411,0,True
304,2015-07-14-01,-79.8431,35.6411,0,True
305,2015-07-14-01,-79.8431,35.6411,0,True
306,2015-07-14-01,-79.8431,35.6411,1,True
307,2015-07-14-01,-79.8431,35.6411,1,True
308,2015-07-14-01,-78.2057,37.768,0,True
309,2015-07-14-01,-78.2057,37.768,1,True
310,2015-07-14-01,-78.2057,37.768,1,True
311,2015-07-14-01,-77.264,40.5773,0,True
312,2015-07-14-01,-77.264,40.5773,0,True
313,2015-07-14-01,-77.264,40.5773,1,True
314,2015-07-14-01,-77.264,40.5773,1,True
315,2015-07-14-01,-77.264,40.5773,1,True
316,2015-07-14-01,-77.264,40.5773,1,True
317,2015-07-14-01,-77.264,40.5773,1,True
318,2015-07-14-01,-77.264,40.5773,1,True
319,2015-07-14-01,-77.0262,38.8964,1,True
320,2015-07-14-01,-77.0262,38.8964,1,True
321,2015-07-14-01,-76.7902,39.0724,1,True
322,2015-07-14-01,-76.7902,39.0724,1,True
323,2015-07-14-01,-76.7902,39.0724,1,True
324,2015-07-14-01,-74.9384,42.1497,0,True
325,2015-07-14-01,-74.9384,42.1497,0,True
326,2015-07-14-01,-74.9384,42.1497,1,True
327,2015-07-14-01,-74.9384,42.1497,1,True
328,2015-07-14-01,-74.9384,42.1497,1,True
329,2015-07-14-01,-74.9384,42.1497,1,True
330,2015-07-14-01,-74.9384,42.1497,1,True
331,2015-07-14-01,-74.9384,42.1497,1,True
332,2015-07-14-01,-74.9384,42.1497,1,True
333,2015-07-14-01,-74.9384,42.1497,1,True
334,2015-07-14-01,-74.9384,42.1497,1,True
335,2015-07-14-01,-74.9384,42.1497,1,True
336,2015-07-14-01,-74.9384,42.1497,1,True
337,2015-07-14-01,-74.5089,40.314,0,True
338,2015-07-14-01,-74.5089,40.314,0,True
339,2015-07-14-01,-74.5089,40.314,0,True
340,2015-07-14-01,-74.5089,40.314,1,True
341,2015-07-14-01,-74.5089,40.314,1,True
342,2015-07-14-01,-74.5089,40.314,1,True
343,2015-07-14-01,-74.5089,40.314,1,True
344,2015-07-14-01,-74.5089,40.314,1,True
345,2015-07-14-01,-72.7622,41.5834,1,True
346,2015-07-14-01,-72.7622,41.5834,1,True
347,2015-07-14-01,-72.7093,44.0407,0,True
348,2015-07-14-01,-71.5653,43.4108,1,True
349,2015-07-14-01,-71.5653,43.4108,1,True
350,2015-07-14-01,-71.5653,43.4108,1,True
351,2015-07-14-01,-71.5314,42.2373,1,True
352,2015-07-14-01,-71.5314,42.2373,1,True
353,2015-07-14-01,-71.5101,41.6772,1,True
354,2015-07-14-01,-71.5101,41.6772,1,True
355,2015-07-14-01,-69.3977,44.6074,0,True
356,2015-07-15-01,-119.7462,36.17,0,True
357,2015-07-15-01,-119.7462,36.17,0,True
358,2015-07-15-01,-119.7462,36.17,0,True
359,2015-07-15-01,-119.7462,36.17,0,True
360,2015-07-15-01,-119.7462,36.17,1,True
361,2015-07-15-01,-105.3272,39.0646,0,True
362,2015-07-15-01,-97.6475,31.105999999999998,0,True
363,2015-07-15-01,-97.6475,31.105999999999998,0,True
364,2015-07-15-01,-97.6475,31.105999999999998,1,True
365,2015-07-15-01,-97.6475,31.105999999999998,1,True
366,2015-07-15-01,-97.6475,31.105999999999998,1,True
367,2015-07-15-01,-89.0022,40.3363,0,True
368,2015-07-15-01,-89.0022,40.3363,1,True
369,2015-07-15-01,-89.0022,40.3363,1,True
370,2015-07-15-01,-83.6487,32.9866,0,True
371,2015-07-15-01,-83.6487,32.9866,0,True
372,2015-07-15-01,-81.717,27.8333,0,True
373,2015-07-15-01,-81.717,27.8333,0,True
374,2015-07-15-01,-81.717,27.8333,1,True
375,2015-07-15-01,-81.717,27.8333,1,True
376,2015-07-15-01,-81.717,27.8333,1,True
377,2015-07-15-01,-77.264,40.5773,1,True
378,2015-07-15-01,-77.264,40.5773,1,True
379,2015-07-15-01,-77.0262,38.8964,1,True
380,2015-07-15-01,-76.7902,39.0724,0,True
381,2015-07-15-01,-76.7902,39.0724,0,True
382,2015-07-15-01,-74.9384,42.1497,0,True
383,2015-07-15-01,-74.9384,42.1497,0,True
384,2015-07-15-01,-74.9384,42.1497,1,True
385,2015-07-15-01,-74.9384,42.1497,1,True
386,2015-07-15-01,-74.5089,40.314,0,True
387,2015-07-15-01,-74.5089,40.314,1,True
388,2015-07-15-01,-74.5089,40.314,1,True
389,2015-07-15-01,-72.7622,41.5834,1,True
390,2015-07-15-01,-72.7622,41.5834,1,True
391,2015-07-15-01,-71.5314,42.2373,1,True
392,2015-07-15-01,-71.5314,42.2373,1,True
393,2015-07-15-01,-71.5314,42.2373,1,True
394,2015-07-15-01,-71.5314,42.2373,1,True
395,2015-07-15-01,-71.5101,41.6772,0,True
396,2015-07-16-01,-121.5708,47.3917,1,True
397,2015-07-16-01,-119.7462,36.17,0,True
398,2015-07-16-01,-119.7462,36.17,1,True
399,2015-07-16-01,-119.7462,36.17,1,True
400,2015-07-16-01,-111.8535,40.1135,0,True
401,2015-07-16-01,-111.8535,40.1135,1,True
402,2015-07-16-01,-105.3272,39.0646,0,True
403,2015-07-16-01,-105.3272,39.0646,1,True
404,2015-07-16-01,-89.0022,40.3363,1,True
405,2015-07-16-01,-89.0022,40.3363,1,True
406,2015-07-16-01,-84.5603,43.3504,0,True
407,2015-07-16-01,-82.7755,40.3736,0,True
408,2015-07-16-01,-82.7755,40.3736,1,True
409,2015-07-16-01,-81.717,27.8333,0,True
410,2015-07-16-01,-81.717,27.8333,0,True
411,2015-07-16-01,-78.2057,37.768,1,True
412,2015-07-16-01,-78.2057,37.768,1,True
413,2015-07-16-01,-77.0262,38.8964,1,True
414,2015-07-16-01,-75.5148,39.3498,1,True
415,2015-07-16-01,-74.9384,42.1497,0,True
416,2015-07-16-01,-74.9384,42.1497,1,True
417,2015-07-16-01,-74.9384,42.1497,1,True
418,2015-07-16-01,-74.9384,42.1497,1,True
419,2015-07-16-01,-74.9384,42.1497,1,True
420,2015-07-16-01,-74.9384,42.1497,1,True
421,2015-07-16-01,-74.9384,42.1497,1,True
422,2015-07-16-01,-74.5089,40.314,1,True
423,2015-07-16-01,-74.5089,40.314,1,True
424,2015-07-16-01,-71.5314,42.2373,1,True
425,2015-07-16-01,-71.5314,42.2373,1,True
426,2015-07-16-01,-71.5314,42.2373,1,True
427,2015-07-17-01,-122.1269,44.5672,1,True
428,2015-07-17-01,-97.6475,31.105999999999998,1,True
429,2015-07-17-01,-81.717,27.8333,0,True
430,2015-07-17-01,-76.7902,39.0724,0,True
431,2015-07-17-01,-74.9384,42.1497,0,True
432,2015-07-17-01,-72.7622,41.5834,1,True
433,2015-07-18-01,-122.1269,44.5672,0,True
434,2015-07-18-01,-119.7462,36.17,1,True
435,2015-07-18-01,-111.3877,33.7712,1,True
436,2015-07-18-01,-97.6475,31.105999999999998,1,True
437,2015-07-18-01,-93.9196,45.7326,1,True
438,2015-07-18-01,-93.9196,45.7326,1,True
439,2015-07-18-01,-93.214,42.0046,1,True
440,2015-07-18-01,-84.5603,43.3504,1,True
441,2015-07-18-01,-83.6487,32.9866,1,True
442,2015-07-18-01,-81.717,27.8333,1,True
443,2015-07-18-01,-81.717,27.8333,1,True
444,2015-07-18-01,-80.9066,33.8191,0,True
445,2015-07-18-01,-78.2057,37.768,1,True
446,2015-07-18-01,-78.2057,37.768,1,True
447,2015-07-18-01,-74.9384,42.1497,1,True
448,2015-07-18-01,-74.9384,42.1497,1,True
449,2015-07-18-01,-74.5089,40.314,0,True
450,2015-07-18-01,-74.5089,40.314,0,True
451,2015-07-18-01,-74.5089,40.314,1,True
452,2015-07-18-01,-71.5314,42.2373,1,True
453,2015-07-18-01,-69.3977,44.6074,0,True
454,2015-07-19-01,-121.5708,47.3917,0,True
455,2015-07-19-01,-119.7462,36.17,0,True
456,2015-07-19-01,-119.7462,36.17,1,True
457,2015-07-19-01,-119.7462,36.17,1,True
458,2015-07-19-01,-119.7462,36.17,1,True
459,2015-07-19-01,-97.6475,31.105999999999998,1,True
460,2015-07-19-01,-81.717,27.8333,0,True
461,2015-07-19-01,-78.2057,37.768,0,True
462,2015-07-19-01,-78.2057,37.768,0,True
463,2015-07-19-01,-78.2057,37.768,1,True
464,2015-07-20-01,-121.5708,47.3917,1,True
465,2015-07-20-01,-119.7462,36.17,0,True
466,2015-07-20-01,-119.7462,36.17,0,True
467,2015-07-20-01,-119.7462,36.17,0,True
468,2015-07-20-01,-119.7462,36.17,0,True
469,2015-07-20-01,-119.7462,36.17,1,True
470,2015-07-20-01,-119.7462,36.17,1,True
471,2015-07-20-01,-119.7462,36.17,1,True
472,2015-07-20-01,-119.7462,36.17,1,True
473,2015-07-20-01,-119.7462,36.17,1,True
474,2015-07-20-01,-119.7462,36.17,1,True
475,2015-07-20-01,-111.3877,33.7712,1,True
476,2015-07-20-01,-106.2371,34.8375,0,True
477,2015-07-20-01,-105.3272,39.0646,1,True
478,2015-07-20-01,-105.3272,39.0646,1,True
479,2015-07-20-01,-105.3272,39.0646,1,True
480,2015-07-20-01,-97.6475,31.105999999999998,0,True
481,2015-07-20-01,-97.6475,31.105999999999998,1,True
482,2015-07-20-01,-97.6475,31.105999999999998,1,True
483,2015-07-20-01,-97.6475,31.105999999999998,1,True
484,2015-07-20-01,-93.9196,45.7326,0,True
485,2015-07-20-01,-93.9196,45.7326,1,True
486,2015-07-20-01,-93.214,42.0046,1,True
487,2015-07-20-01,-92.302,38.4623,1,True
488,2015-07-20-01,-89.0022,40.3363,0,True
489,2015-07-20-01,-89.0022,40.3363,1,True
490,2015-07-20-01,-86.8073,32.799,1,True
491,2015-07-20-01,-86.7489,35.7449,1,True
492,2015-07-20-01,-86.7489,35.7449,1,True
493,2015-07-20-01,-83.6487,32.9866,1,True
494,2015-07-20-01,-83.6487,32.9866,1,True
495,2015-07-20-01,-81.717,27.8333,0,True
496,2015-07-20-01,-81.717,27.8333,0,True
497,2015-07-20-01,-81.717,27.8333,1,True
498,2015-07-20-01,-81.717,27.8333,1,True
499,2015-07-20-01,-81.717,27.8333,1,True
500,2015-07-20-01,-81.717,27.8333,1,True
501,2015-07-20-01,-81.717,27.8333,1,True
502,2015-07-20-01,-81.717,27.8333,1,True
503,2015-07-20-01,-79.8431,35.6411,1,True
504,2015-07-20-01,-79.8431,35.6411,1,True
505,2015-07-20-01,-78.2057,37.768,0,True
506,2015-07-20-01,-78.2057,37.768,1,True
507,2015-07-20-01,-78.2057,37.768,1,True
508,2015-07-20-01,-78.2057,37.768,1,True
509,2015-07-20-01,-78.2057,37.768,1,True
510,2015-07-20-01,-78.2057,37.768,1,True
511,2015-07-20-01,-76.7902,39.0724,0,True
512,2015-07-20-01,-76.7902,39.0724,1,True
513,2015-07-20-01,-76.7902,39.0724,1,True
514,2015-07-20-01,-74.9384,42.1497,0,True
515,2015-07-20-01,-74.9384,42.1497,0,True
516,2015-07-20-01,-74.9384,42.1497,0,True
517,2015-07-20-01,-74.9384,42.1497,0,True
518,2015-07-20-01,-74.9384,42.1497,0,True
519,2015-07-20-01,-74.9384,42.1497,0,True
520,2015-07-20-01,-74.9384,42.1497,1,True
521,2015-07-20-01,-74.9384,42.1497,1,True
522,2015-07-20-01,-74.9384,42.1497,1,True
523,2015-07-20-01,-74.9384,42.1497,1,True
524,2015-07-20-01,-74.9384,42.1497,1,True
525,2015-07-20-01,-74.9384,42.1497,1,True
526,2015-07-20-01,-74.9384,42.1497,1,True
527,2015-07-20-01,-74.5089,40.314,0,True
528,2015-07-20-01,-74.5089,40.314,1,True
529,2015-07-20-01,-74.5089,40.314,1,True
530,2015-07-20-01,-74.5089,40.314,1,True
531,2015-07-20-01,-74.5089,40.314,1,True
532,2015-07-20-01,-72.7622,41.5834,1,True
533,2015-07-20-01,-72.7093,44.0407,1,True
534,2015-07-20-01,-71.5653,43.4108,0,True
535,2015-07-20-01,-71.5314,42.2373,0,True
536,2015-07-20-01,-71.5314,42.2373,1,True
537,2015-07-20-01,-71.5314,42.2373,1,True
538,2015-07-20-01,-69.3977,44.6074,0,True
539,2015-07-21-01,-121.5708,47.3917,0,True
540,2015-07-21-01,-105.3272,39.0646,1,True
541,2015-07-21-01,-97.6475,31.105999999999998,0,True
542,2015-07-21-01,-92.302,38.4623,1,True
543,2015-07-21-01,-91.8749,31.1801,1,True
544,2015-07-21-01,-89.0022,40.3363,0,True
545,2015-07-21-01,-86.8073,32.799,1,True
546,2015-07-21-01,-86.8073,32.799,1,True
547,2015-07-21-01,-86.2604,39.8647,1,True
548,2015-07-21-01,-81.717,27.8333,0,True
549,2015-07-21-01,-81.717,27.8333,1,True
550,2015-07-21-01,-81.717,27.8333,1,True
551,2015-07-21-01,-80.9066,33.8191,0,True
552,2015-07-21-01,-79.8431,35.6411,0,True
553,2015-07-21-01,-79.8431,35.6411,1,True
554,2015-07-21-01,-79.8431,35.6411,1,True
555,2015-07-21-01,-78.2057,37.768,1,True
556,2015-07-21-01,-77.264,40.5773,1,True
557,2015-07-21-01,-77.0262,38.8964,0,True
558,2015-07-21-01,-76.7902,39.0724,1,True
559,2015-07-21-01,-76.7902,39.0724,1,True
560,2015-07-21-01,-75.5148,39.3498,0,True
561,2015-07-21-01,-74.9384,42.1497,0,True
562,2015-07-21-01,-74.9384,42.1497,1,True
563,2015-07-21-01,-74.9384,42.1497,1,True
564,2015-07-21-01,-74.9384,42.1497,1,True
565,2015-07-21-01,-74.9384,42.1497,1,True
566,2015-07-21-01,-74.5089,40.314,1,True
567,2015-07-21-01,-71.5314,42.2373,1,True
568,2015-07-21-01,-71.5314,42.2373,1,True
569,2015-07-21-01,-71.5101,41.6772,0,True
570,2015-07-22-01,-122.1269,44.5672,1,True
571,2015-07-22-01,-122.1269,44.5672,1,True
572,2015-07-22-01,-121.5708,47.3917,0,True
573,2015-07-22-01,-119.7462,36.17,1,True
574,2015-07-22-01,-119.7462,36.17,1,True
575,2015-07-22-01,-106.2371,34.8375,1,True
576,2015-07-22-01,-105.3272,39.0646,0,True
577,2015-07-22-01,-93.214,42.0046,1,True
578,2015-07-22-01,-86.2604,39.8647,1,True
579,2015-07-22-01,-84.5603,43.3504,0,True
580,2015-07-22-01,-84.5603,43.3504,1,True
581,2015-07-22-01,-83.6487,32.9866,0,True
582,2015-07-22-01,-81.717,27.8333,0,True
583,2015-07-22-01,-81.717,27.8333,0,True
584,2015-07-22-01,-77.0262,38.8964,1,True
585,2015-07-22-01,-74.9384,42.1497,1,True
586,2015-07-22-01,-74.9384,42.1497,1,True
587,2015-07-22-01,-71.5653,43.4108,1,True
588,2015-07-23-01,-81.717,27.8333,1,True
589,2015-07-24-01,-122.1269,44.5672,0,True
590,2015-07-24-01,-122.1269,44.5672,1,True
591,2015-07-24-01,-119.7462,36.17,0,True
592,2015-07-24-01,-119.7462,36.17,1,True
593,2015-07-24-01,-105.3272,39.0646,1,True
594,2015-07-24-01,-97.6475,31.105999999999998,0,True
595,2015-07-24-01,-97.6475,31.105999999999998,1,True
596,2015-07-24-01,-96.9247,35.5376,0,True
597,2015-07-24-01,-89.0022,40.3363,0,True
598,2015-07-24-01,-89.0022,40.3363,1,True
599,2015-07-24-01,-89.0022,40.3363,1,True
600,2015-07-24-01,-81.717,27.8333,1,True
601,2015-07-24-01,-79.8431,35.6411,0,True
602,2015-07-24-01,-79.8431,35.6411,1,True
603,2015-07-24-01,-78.2057,37.768,1,True
604,2015-07-24-01,-78.2057,37.768,1,True
605,2015-07-24-01,-78.2057,37.768,1,True
606,2015-07-24-01,-74.9384,42.1497,0,True
607,2015-07-24-01,-74.9384,42.1497,0,True
608,2015-07-24-01,-74.9384,42.1497,1,True
609,2015-07-24-01,-74.9384,42.1497,1,True
610,2015-07-24-01,-74.5089,40.314,1,True
611,2015-07-24-01,-72.7622,41.5834,1,True
612,2015-07-24-01,-71.5314,42.2373,0,True
613,2015-07-24-01,-71.5101,41.6772,1,True
614,2015-07-24-01,-71.5101,41.6772,1,True
615,2015-07-24-01,-69.3977,44.6074,0,True
616,2015-07-24-01,-69.3977,44.6074,0,True
617,2015-07-25-01,-119.7462,36.17,1,True
618,2015-07-25-01,-105.3272,39.0646,0,True
619,2015-07-25-01,-89.0022,40.3363,1,True
620,2015-07-25-01,-81.717,27.8333,0,True
621,2015-07-25-01,-81.717,27.8333,0,True
622,2015-07-25-01,-79.8431,35.6411,1,True
623,2015-07-25-01,-78.2057,37.768,0,True
624,2015-07-25-01,-74.9384,42.1497,1,True
625,2015-07-25-01,-74.9384,42.1497,1,True
626,2015-07-26-01,-106.2371,34.8375,1,True
627,2015-07-26-01,-77.264,40.5773,0,True
628,2015-07-26-01,-77.264,40.5773,1,True
629,2015-07-26-01,-76.7902,39.0724,1,True
630,2015-07-26-01,-71.5653,43.4108,1,True
631,2015-07-26-01,-69.3977,44.6074,1,True
632,2015-07-27-01,-121.5708,47.3917,0,True
633,2015-07-27-01,-119.7462,36.17,1,True
634,2015-07-27-01,-119.7462,36.17,1,True
635,2015-07-27-01,-111.8535,40.1135,1,True
636,2015-07-27-01,-105.3272,39.0646,1,True
637,2015-07-27-01,-93.9196,45.7326,0,True
638,2015-07-27-01,-93.9196,45.7326,1,True
639,2015-07-27-01,-93.214,42.0046,0,True
640,2015-07-27-01,-93.214,42.0046,1,True
641,2015-07-27-01,-92.302,38.4623,0,True
642,2015-07-27-01,-91.8749,31.1801,0,True
643,2015-07-27-01,-89.6812,32.7673,0,True
644,2015-07-27-01,-89.0022,40.3363,1,True
645,2015-07-27-01,-89.0022,40.3363,1,True
646,2015-07-27-01,-89.0022,40.3363,1,True
647,2015-07-27-01,-86.8073,32.799,0,True
648,2015-07-27-01,-86.8073,32.799,1,True
649,2015-07-27-01,-86.8073,32.799,1,True
650,2015-07-27-01,-84.5603,43.3504,1,True
651,2015-07-27-01,-83.6487,32.9866,1,True
652,2015-07-27-01,-83.6487,32.9866,1,True
653,2015-07-27-01,-82.7755,40.3736,1,True
654,2015-07-27-01,-81.717,27.8333,0,True
655,2015-07-27-01,-81.717,27.8333,0,True
656,2015-07-27-01,-81.717,27.8333,0,True
657,2015-07-27-01,-81.717,27.8333,1,True
658,2015-07-27-01,-81.717,27.8333,1,True
659,2015-07-27-01,-81.717,27.8333,1,True
660,2015-07-27-01,-80.9066,33.8191,1,True
661,2015-07-27-01,-79.8431,35.6411,1,True
662,2015-07-27-01,-79.8431,35.6411,1,True
663,2015-07-27-01,-79.8431,35.6411,1,True
664,2015-07-27-01,-78.2057,37.768,1,True
665,2015-07-27-01,-78.2057,37.768,1,True
666,2015-07-27-01,-77.264,40.5773,0,True
667,2015-07-27-01,-77.264,40.5773,0,True
668,2015-07-27-01,-77.264,40.5773,1,True
669,2015-07-27-01,-77.0262,38.8964,1,True
670,2015-07-27-01,-76.7902,39.0724,0,True
671,2015-07-27-01,-74.9384,42.1497,0,True
672,2015-07-27-01,-74.9384,42.1497,0,True
673,2015-07-27-01,-74.9384,42.1497,0,True
674,2015-07-27-01,-74.9384,42.1497,1,True
675,2015-07-27-01,-74.9384,42.1497,1,True
676,2015-07-27-01,-74.9384,42.1497,1,True
677,2015-07-27-01,-74.9384,42.1497,1,True
678,2015-07-27-01,-74.9384,42.1497,1,True
679,2015-07-27-01,-74.9384,42.1497,1,True
680,2015-07-27-01,-74.5089,40.314,0,True
681,2015-07-27-01,-74.5089,40.314,1,True
682,2015-07-27-01,-72.7622,41.5834,1,True
683,2015-07-28-01,-119.7462,36.17,0,True
684,2015-07-28-01,-119.7462,36.17,1,True
685,2015-07-28-01,-119.7462,36.17,1,True
686,2015-07-28-01,-98.2883,41.1289,1,True
687,2015-07-28-01,-89.6385,44.2563,1,True
688,2015-07-28-01,-79.8431,35.6411,1,True
689,2015-07-28-01,-79.8431,35.6411,1,True
690,2015-07-28-01,-74.9384,42.1497,0,True
691,2015-07-29-01,-122.1269,44.5672,1,True
692,2015-07-29-01,-121.5708,47.3917,0,True
693,2015-07-29-01,-119.7462,36.17,0,True
694,2015-07-29-01,-89.0022,40.3363,0,True
695,2015-07-29-01,-82.7755,40.3736,0,True
696,2015-07-29-01,-78.2057,37.768,0,True
697,2015-07-29-01,-78.2057,37.768,1,True
698,2015-07-29-01,-74.9384,42.1497,0,True
699,2015-07-29-01,-74.9384,42.1497,1,True
700,2015-07-29-01,-72.7622,41.5834,1,True
701,2015-07-30-01,-121.5708,47.3917,0,True
702,2015-07-30-01,-121.5708,47.3917,1,True
703,2015-07-30-01,-121.5708,47.3917,1,True
704,2015-07-30-01,-97.6475,31.105999999999998,1,True
705,2015-07-30-01,-97.6475,31.105999999999998,1,True
706,2015-07-30-01,-89.0022,40.3363,1,True
707,2015-07-30-01,-84.5603,43.3504,1,True
708,2015-07-30-01,-83.6487,32.9866,1,True
709,2015-07-30-01,-81.717,27.8333,0,True
710,2015-07-30-01,-81.717,27.8333,0,True
711,2015-07-30-01,-81.717,27.8333,1,True
712,2015-07-30-01,-78.2057,37.768,0,True
713,2015-07-30-01,-78.2057,37.768,1,True
714,2015-07-30-01,-77.0262,38.8964,0,True
715,2015-07-30-01,-76.7902,39.0724,1,True
716,2015-07-30-01,-74.9384,42.1497,0,True
717,2015-07-30-01,-74.9384,42.1497,0,True
718,2015-07-30-01,-74.5089,40.314,1,True
719,2015-07-30-01,-74.5089,40.314,1,True
720,2015-07-30-01,-74.5089,40.314,1,True
721,2015-07-31-01,-121.5708,47.3917,1,True
722,2015-07-31-01,-121.5708,47.3917,1,True
723,2015-07-31-01,-119.7462,36.17,0,True
724,2015-07-31-01,-117.1219,38.4199,1,True
725,2015-07-31-01,-111.8535,40.1135,1,True
726,2015-07-31-01,-111.3877,33.7712,1,True
727,2015-07-31-01,-110.3261,46.9048,1,True
728,2015-07-31-01,-91.8749,31.1801,1,True
729,2015-07-31-01,-89.0022,40.3363,0,True
730,2015-07-31-01,-89.0022,40.3363,1,True
731,2015-07-31-01,-86.7489,35.7449,1,True
732,2015-07-31-01,-84.5603,43.3504,1,True
733,2015-07-31-01,-82.7755,40.3736,1,True
734,2015-07-31-01,-81.717,27.8333,1,True
735,2015-07-31-01,-79.8431,35.6411,1,True
736,2015-07-31-01,-76.7902,39.0724,1,True
737,2015-07-31-01,-74.9384,42.1497,0,True
738,2015-07-31-01,-74.9384,42.1497,1,True
739,2015-07-31-01,-74.9384,42.1497,1,True
740,2015-07-31-01,-74.9384,42.1497,1,True
741,2015-07-31-01,-74.5089,40.314,0,True
742,2015-07-31-01,-74.5089,40.314,1,True
743,2015-07-31-01,-74.5089,40.314,1,True
744,2015-07-31-01,-72.7622,41.5834,1,True
745,2015-07-31-01,-71.5314,42.2373,1,True
746,2015-07-31-01,-69.3977,44.6074,1,True
747,2015-08-01-01,-122.1269,44.5672,1,True
748,2015-08-01-01,-122.1269,44.5672,1,True
749,2015-08-01-01,-119.7462,36.17,0,True
750,2015-08-01-01,-119.7462,36.17,1,True
751,2015-08-01-01,-119.7462,36.17,1,True
752,2015-08-01-01,-111.8535,40.1135,1,True
753,2015-08-01-01,-111.3877,33.7712,1,True
754,2015-08-01-01,-111.3877,33.7712,1,True
755,2015-08-01-01,-106.2371,34.8375,1,True
756,2015-08-01-01,-105.3272,39.0646,1,True
757,2015-08-01-01,-97.6475,31.105999999999998,0,True
758,2015-08-01-01,-97.6475,31.105999999999998,1,True
759,2015-08-01-01,-89.0022,40.3363,1,True
760,2015-08-01-01,-86.7489,35.7449,0,True
761,2015-08-01-01,-84.5603,43.3504,1,True
762,2015-08-01-01,-80.9066,33.8191,1,True
763,2015-08-01-01,-78.2057,37.768,1,True
764,2015-08-01-01,-76.7902,39.0724,1,True
765,2015-08-01-01,-74.9384,42.1497,0,True
766,2015-08-01-01,-74.9384,42.1497,0,True
767,2015-08-01-01,-74.9384,42.1497,0,True
768,2015-08-01-01,-74.9384,42.1497,1,True
769,2015-08-01-01,-74.9384,42.1497,1,True
770,2015-08-01-01,-74.5089,40.314,1,True
771,2015-08-01-01,-74.5089,40.314,1,True
772,2015-08-01-01,-71.5314,42.2373,1,True
773,2015-08-02-01,-119.7462,36.17,1,True
774,2015-08-02-01,-119.7462,36.17,1,True
775,2015-08-02-01,-119.7462,36.17,1,True
776,2015-08-02-01,-91.8749,31.1801,0,True
777,2015-08-02-01,-77.0262,38.8964,1,True
778,2015-08-02-01,-74.5089,40.314,1,True
779,2015-08-05-01,-119.7462,36.17,0,True
780,2015-08-05-01,-111.3877,33.7712,1,True
781,2015-08-05-01,-97.6475,31.105999999999998,1,True
782,2015-08-05-01,-97.6475,31.105999999999998,1,True
783,2015-08-05-01,-89.0022,40.3363,1,True
784,2015-08-05-01,-89.0022,40.3363,1,True
785,2015-08-05-01,-79.8431,35.6411,1,True
786,2015-08-05-01,-74.9384,42.1497,0,True
787,2015-08-05-01,-74.9384,42.1497,0,True
788,2015-08-05-01,-74.9384,42.1497,1,True
789,2015-08-06-01,-122.1269,44.5672,0,True
790,2015-08-06-01,-121.5708,47.3917,0,True
791,2015-08-06-01,-117.1219,38.4199,1,True
792,2015-08-06-01,-105.3272,39.0646,1,True
793,2015-08-06-01,-89.6812,32.7673,0,True
794,2015-08-06-01,-89.0022,40.3363,0,True
795,2015-08-06-01,-81.717,27.8333,0,True
796,2015-08-06-01,-77.264,40.5773,0,True
797,2015-08-06-01,-74.9384,42.1497,0,True
798,2015-08-06-01,-74.9384,42.1497,1,True
799,2015-08-06-01,-74.9384,42.1497,1,True
800,2015-08-06-01,-74.5089,40.314,1,True
801,2015-08-06-01,-71.5314,42.2373,0,True
802,2015-08-07-01,-119.7462,36.17,1,True
803,2015-08-07-01,-119.7462,36.17,1,True
804,2015-08-07-01,-114.5103,44.2394,0,True
805,2015-08-07-01,-105.3272,39.0646,1,True
806,2015-08-07-01,-97.6475,31.105999999999998,1,True
807,2015-08-07-01,-89.0022,40.3363,0,True
808,2015-08-07-01,-84.6514,37.669000000000004,0,True
809,2015-08-07-01,-84.6514,37.669000000000004,1,True
810,2015-08-07-01,-84.6514,37.669000000000004,1,True
811,2015-08-07-01,-81.717,27.8333,1,True
812,2015-08-07-01,-81.717,27.8333,1,True
813,2015-08-07-01,-80.9066,33.8191,1,True
814,2015-08-07-01,-79.8431,35.6411,1,True
815,2015-08-07-01,-78.2057,37.768,1,True
816,2015-08-07-01,-78.2057,37.768,1,True
817,2015-08-07-01,-78.2057,37.768,1,True
818,2015-08-07-01,-77.264,40.5773,0,True
819,2015-08-07-01,-77.0262,38.8964,0,True
820,2015-08-07-01,-74.9384,42.1497,0,True
821,2015-08-07-01,-74.9384,42.1497,0,True
822,2015-08-07-01,-74.9384,42.1497,1,True
823,2015-08-07-01,-74.9384,42.1497,1,True
824,2015-08-07-01,-74.9384,42.1497,1,True
825,2015-08-07-01,-74.5089,40.314,1,True
826,2015-08-07-01,-74.5089,40.314,1,True
827,2015-08-07-01,-74.5089,40.314,1,True
828,2015-08-07-01,-74.5089,40.314,1,True
829,2015-08-07-01,-72.7622,41.5834,0,True
830,2015-08-07-01,-72.7622,41.5834,0,True
831,2015-08-07-01,-72.7622,41.5834,1,True
832,2015-08-07-01,-71.5314,42.2373,0,True
833,2015-08-07-01,-71.5314,42.2373,1,True
834,2015-08-07-01,-71.5314,42.2373,1,True
835,2015-08-07-01,-71.5101,41.6772,0,True
836,2015-08-18-01,-81.717,27.8333,0,True
837,2015-08-18-01,-72.7622,41.5834,0,True
838,2015-08-19-01,-122.1269,44.5672,0,True
839,2015-08-19-01,-122.1269,44.5672,0,True
840,2015-08-19-01,-121.5708,47.3917,0,True
841,2015-08-19-01,-121.5708,47.3917,0,True
842,2015-08-19-01,-121.5708,47.3917,1,True
843,2015-08-19-01,-119.7462,36.17,0,True
844,2015-08-19-01,-119.7462,36.17,0,True
845,2015-08-19-01,-119.7462,36.17,0,True
846,2015-08-19-01,-119.7462,36.17,0,True
847,2015-08-19-01,-119.7462,36.17,0,True
848,2015-08-19-01,-119.7462,36.17,1,True
849,2015-08-19-01,-119.7462,36.17,1,True
850,2015-08-19-01,-119.7462,36.17,1,True
851,2015-08-19-01,-119.7462,36.17,1,True
852,2015-08-19-01,-119.7462,36.17,1,True
853,2015-08-19-01,-119.7462,36.17,1,True
854,2015-08-19-01,-119.7462,36.17,1,True
855,2015-08-19-01,-106.2371,34.8375,0,True
856,2015-08-19-01,-97.6475,31.105999999999998,0,True
857,2015-08-19-01,-97.6475,31.105999999999998,0,True
858,2015-08-19-01,-97.6475,31.105999999999998,1,True
859,2015-08-19-01,-97.6475,31.105999999999998,1,True
860,2015-08-19-01,-97.6475,31.105999999999998,1,True
861,2015-08-19-01,-96.9247,35.5376,1,True
862,2015-08-19-01,-96.8005,38.5111,1,True
863,2015-08-19-01,-93.9196,45.7326,1,True
864,2015-08-19-01,-92.3809,34.9513,0,True
865,2015-08-19-01,-91.8749,31.1801,0,True
866,2015-08-19-01,-91.8749,31.1801,1,True
867,2015-08-19-01,-89.6812,32.7673,0,True
868,2015-08-19-01,-89.6812,32.7673,0,True
869,2015-08-19-01,-89.6812,32.7673,1,True
870,2015-08-19-01,-89.6385,44.2563,0,True
871,2015-08-19-01,-89.0022,40.3363,0,True
872,2015-08-19-01,-89.0022,40.3363,1,True
873,2015-08-19-01,-89.0022,40.3363,1,True
874,2015-08-19-01,-89.0022,40.3363,1,True
875,2015-08-19-01,-89.0022,40.3363,1,True
876,2015-08-19-01,-89.0022,40.3363,1,True
877,2015-08-19-01,-86.7489,35.7449,1,True
878,2015-08-19-01,-84.5603,43.3504,0,True
879,2015-08-19-01,-84.5603,43.3504,1,True
880,2015-08-19-01,-84.5603,43.3504,1,True
881,2015-08-19-01,-84.5603,43.3504,1,True
882,2015-08-19-01,-82.7755,40.3736,1,True
883,2015-08-19-01,-81.717,27.8333,0,True
884,2015-08-19-01,-81.717,27.8333,0,True
885,2015-08-19-01,-81.717,27.8333,0,True
886,2015-08-19-01,-81.717,27.8333,1,True
887,2015-08-19-01,-81.717,27.8333,1,True
888,2015-08-19-01,-81.717,27.8333,1,True
889,2015-08-19-01,-81.717,27.8333,1,True
890,2015-08-19-01,-80.9066,33.8191,1,True
891,2015-08-19-01,-79.8431,35.6411,0,True
892,2015-08-19-01,-78.2057,37.768,0,True
893,2015-08-19-01,-78.2057,37.768,1,True
894,2015-08-19-01,-78.2057,37.768,1,True
895,2015-08-19-01,-77.264,40.5773,0,True
896,2015-08-19-01,-77.264,40.5773,0,True
897,2015-08-19-01,-77.264,40.5773,0,True
898,2015-08-19-01,-77.264,40.5773,0,True
899,2015-08-19-01,-77.264,40.5773,1,True
900,2015-08-19-01,-77.264,40.5773,1,True
901,2015-08-19-01,-77.0262,38.8964,0,True
902,2015-08-19-01,-77.0262,38.8964,0,True
903,2015-08-19-01,-77.0262,38.8964,1,True
904,2015-08-19-01,-76.7902,39.0724,0,True
905,2015-08-19-01,-76.7902,39.0724,0,True
906,2015-08-19-01,-76.7902,39.0724,0,True
907,2015-08-19-01,-76.7902,39.0724,1,True
908,2015-08-19-01,-76.7902,39.0724,1,True
909,2015-08-19-01,-76.7902,39.0724,1,True
910,2015-08-19-01,-74.9384,42.1497,0,True
911,2015-08-19-01,-74.9384,42.1497,0,True
912,2015-08-19-01,-74.9384,42.1497,0,True
913,2015-08-19-01,-74.9384,42.1497,0,True
914,2015-08-19-01,-74.9384,42.1497,0,True
915,2015-08-19-01,-74.9384,42.1497,0,True
916,2015-08-19-01,-74.9384,42.1497,0,True
917,2015-08-19-01,-74.9384,42.1497,0,True
918,2015-08-19-01,-74.9384,42.1497,1,True
919,2015-08-19-01,-74.9384,42.1497,1,True
920,2015-08-19-01,-74.9384,42.1497,1,True
921,2015-08-19-01,-74.9384,42.1497,1,True
922,2015-08-19-01,-74.9384,42.1497,1,True
923,2015-08-19-01,-74.9384,42.1497,1,True
924,2015-08-19-01,-74.9384,42.1497,1,True
925,2015-08-19-01,-74.9384,42.1497,1,True
926,2015-08-19-01,-74.9384,42.1497,1,True
927,2015-08-19-01,-74.9384,42.1497,1,True
928,2015-08-19-01,-74.9384,42.1497,1,True
929,2015-08-19-01,-74.9384,42.1497,1,True
930,2015-08-19-01,-74.5089,40.314,0,True
931,2015-08-19-01,-74.5089,40.314,0,True
932,2015-08-19-01,-74.5089,40.314,1,True
933,2015-08-19-01,-72.7622,41.5834,0,True
934,2015-08-19-01,-72.7622,41.5834,1,True
935,2015-08-19-01,-72.7622,41.5834,1,True
936,2015-08-19-01,-72.7622,41.5834,1,True
937,2015-08-19-01,-72.7622,41.5834,1,True
938,2015-08-19-01,-72.7093,44.0407,0,True
939,2015-08-19-01,-71.5653,43.4108,1,True
940,2015-08-19-01,-71.5314,42.2373,0,True
941,2015-08-19-01,-71.5314,42.2373,0,True
942,2015-08-19-01,-71.5314,42.2373,1,True
943,2015-08-19-01,-71.5314,42.2373,1,True
944,2015-08-19-01,-71.5314,42.2373,1,True
945,2015-08-19-01,-71.5314,42.2373,1,True
946,2015-08-19-01,-71.5314,42.2373,1,True
947,2015-08-19-01,-71.5101,41.6772,1,True
948,2015-08-19-01,-69.3977,44.6074,1,True
949,2015-08-19-01,-69.3977,44.6074,1,True
950,2015-08-19-01,-69.3977,44.6074,1,True
951,2015-08-20-01,-122.1269,44.5672,0,True
952,2015-08-20-01,-121.5708,47.3917,0,True
953,2015-08-20-01,-119.7462,36.17,1,True
954,2015-08-20-01,-111.3877,33.7712,0,True
955,2015-08-20-01,-97.6475,31.105999999999998,1,True
956,2015-08-20-01,-82.7755,40.3736,1,True
957,2015-08-20-01,-80.9066,33.8191,1,True
958,2015-08-20-01,-76.7902,39.0724,1,True
959,2015-08-20-01,-76.7902,39.0724,1,True
960,2015-08-20-01,-74.9384,42.1497,0,True
961,2015-08-20-01,-74.9384,42.1497,0,True
962,2015-08-20-01,-74.9384,42.1497,1,True
963,2015-08-20-01,-74.9384,42.1497,1,True
964,2015-08-20-01,-72.7622,41.5834,0,True
965,2015-08-20-01,-72.7622,41.5834,1,True
966,2015-08-20-01,-71.5314,42.2373,1,True
967,2015-08-20-01,-71.5314,42.2373,1,True
968,2015-08-22-01,-119.7462,36.17,0,True
969,2015-08-22-01,-119.7462,36.17,0,True
970,2015-08-22-01,-119.7462,36.17,0,True
971,2015-08-22-01,-119.7462,36.17,1,True
972,2015-08-22-01,-119.7462,36.17,1,True
973,2015-08-22-01,-119.7462,36.17,1,True
974,2015-08-22-01,-119.7462,36.17,1,True
975,2015-08-22-01,-119.7462,36.17,1,True
976,2015-08-22-01,-117.1219,38.4199,1,True
977,2015-08-22-01,-105.3272,39.0646,1,True
978,2015-08-22-01,-91.8749,31.1801,0,True
979,2015-08-22-01,-84.5603,43.3504,1,True
980,2015-08-22-01,-83.6487,32.9866,1,True
981,2015-08-22-01,-81.717,27.8333,0,True
982,2015-08-22-01,-81.717,27.8333,1,True
983,2015-08-22-01,-81.717,27.8333,1,True
984,2015-08-22-01,-80.9066,33.8191,0,True
985,2015-08-22-01,-78.2057,37.768,1,True
986,2015-08-22-01,-77.264,40.5773,0,True
987,2015-08-22-01,-77.0262,38.8964,0,True
988,2015-08-22-01,-74.9384,42.1497,0,True
989,2015-08-22-01,-74.9384,42.1497,1,True
990,2015-08-22-01,-74.9384,42.1497,1,True
991,2015-08-22-01,-74.9384,42.1497,1,True
992,2015-08-22-01,-74.9384,42.1497,1,True
993,2015-08-22-01,-74.9384,42.1497,1,True
994,2015-08-22-01,-74.5089,40.314,0,True
995,2015-08-22-01,-74.5089,40.314,1,True
996,2015-08-22-01,-74.5089,40.314,1,True
997,2015-08-22-01,-72.7622,41.5834,1,True
998,2015-08-22-01,-72.7093,44.0407,1,True
999,2015-08-22-01,-71.5314,42.2373,0,True
1000,2015-08-22-01,-71.5314,42.2373,1,True
1001,2015-08-22-01,-69.3977,44.6074,0,True
1002,2015-08-22-01,-69.3977,44.6074,1,True
1003,2015-08-23-01,-119.7462,36.17,1,True
1004,2015-08-23-01,-96.9247,35.5376,0,True
1005,2015-08-23-01,-82.7755,40.3736,0,True
1006,2015-08-23-01,-81.717,27.8333,0,True
1007,2015-08-23-01,-81.717,27.8333,1,True
1008,2015-08-23-01,-81.717,27.8333,1,True
1009,2015-08-23-01,-81.717,27.8333,1,True
1010,2015-08-23-01,-81.717,27.8333,1,True
1011,2015-08-23-01,-79.8431,35.6411,0,True
1012,2015-08-23-01,-79.8431,35.6411,0,True
1013,2015-08-23-01,-78.2057,37.768,0,True
1014,2015-08-23-01,-77.264,40.5773,0,True
1015,2015-08-23-01,-77.0262,38.8964,1,True
1016,2015-08-23-01,-76.7902,39.0724,1,True
1017,2015-08-23-01,-76.7902,39.0724,1,True
1018,2015-08-23-01,-74.9384,42.1497,0,True
1019,2015-08-23-01,-74.9384,42.1497,0,True
1020,2015-08-23-01,-74.9384,42.1497,0,True
1021,2015-08-23-01,-74.9384,42.1497,0,True
1022,2015-08-23-01,-74.9384,42.1497,1,True
1023,2015-08-23-01,-74.9384,42.1497,1,True
1024,2015-08-23-01,-74.5089,40.314,0,True
1025,2015-08-23-01,-74.5089,40.314,1,True
1026,2015-08-23-01,-72.7093,44.0407,0,True
1027,2015-08-23-01,-71.5653,43.4108,1,True
1028,2015-08-23-01,-71.5314,42.2373,0,True
1029,2015-08-23-01,-71.5314,42.2373,1,True
1030,2015-08-23-01,-71.5101,41.6772,1,True
1031,2015-08-23-01,-69.3977,44.6074,1,True
1032,2015-08-24-01,-119.7462,36.17,0,True
1033,2015-08-24-01,-119.7462,36.17,0,True
1034,2015-08-24-01,-119.7462,36.17,1,True
1035,2015-08-24-01,-111.3877,33.7712,0,True
1036,2015-08-24-01,-106.2371,34.8375,1,True
1037,2015-08-24-01,-84.5603,43.3504,0,True
1038,2015-08-24-01,-84.5603,43.3504,1,True
1039,2015-08-24-01,-81.717,27.8333,1,True
1040,2015-08-24-01,-81.717,27.8333,1,True
1041,2015-08-24-01,-74.9384,42.1497,1,True
1042,2015-08-24-01,-74.5089,40.314,0,True
1043,2015-08-24-01,-71.5653,43.4108,1,True
1044,2015-08-24-01,-69.3977,44.6074,0,True
1045,2015-08-25-01,-119.7462,36.17,0,True
1046,2015-08-25-01,-119.7462,36.17,0,True
1047,2015-08-25-01,-119.7462,36.17,0,True
1048,2015-08-25-01,-119.7462,36.17,0,True
1049,2015-08-25-01,-119.7462,36.17,0,True
1050,2015-08-25-01,-119.7462,36.17,0,True
1051,2015-08-25-01,-119.7462,36.17,0,True
1052,2015-08-25-01,-119.7462,36.17,1,True
1053,2015-08-25-01,-119.7462,36.17,1,True
1054,2015-08-25-01,-119.7462,36.17,1,True
1055,2015-08-25-01,-119.7462,36.17,1,True
1056,2015-08-25-01,-119.7462,36.17,1,True
1057,2015-08-25-01,-119.7462,36.17,1,True
1058,2015-08-25-01,-111.8535,40.1135,1,True
1059,2015-08-25-01,-111.3877,33.7712,1,True
1060,2015-08-25-01,-111.3877,33.7712,1,True
1061,2015-08-25-01,-110.3261,46.9048,1,True
1062,2015-08-25-01,-106.2371,34.8375,0,True
1063,2015-08-25-01,-105.3272,39.0646,0,True
1064,2015-08-25-01,-97.6475,31.105999999999998,0,True
1065,2015-08-25-01,-97.6475,31.105999999999998,1,True
1066,2015-08-25-01,-96.9247,35.5376,0,True
1067,2015-08-25-01,-92.302,38.4623,1,True
1068,2015-08-25-01,-89.0022,40.3363,0,True
1069,2015-08-25-01,-89.0022,40.3363,1,True
1070,2015-08-25-01,-84.6514,37.669000000000004,0,True
1071,2015-08-25-01,-84.5603,43.3504,0,True
1072,2015-08-25-01,-83.6487,32.9866,1,True
1073,2015-08-25-01,-82.7755,40.3736,0,True
1074,2015-08-25-01,-82.7755,40.3736,0,True
1075,2015-08-25-01,-81.717,27.8333,0,True
1076,2015-08-25-01,-81.717,27.8333,1,True
1077,2015-08-25-01,-80.9066,33.8191,1,True
1078,2015-08-25-01,-80.9066,33.8191,1,True
1079,2015-08-25-01,-79.8431,35.6411,0,True
1080,2015-08-25-01,-79.8431,35.6411,1,True
1081,2015-08-25-01,-78.2057,37.768,0,True
1082,2015-08-25-01,-78.2057,37.768,0,True
1083,2015-08-25-01,-78.2057,37.768,1,True
1084,2015-08-25-01,-78.2057,37.768,1,True
1085,2015-08-25-01,-77.264,40.5773,0,True
1086,2015-08-25-01,-77.264,40.5773,1,True
1087,2015-08-25-01,-77.0262,38.8964,0,True
1088,2015-08-25-01,-76.7902,39.0724,0,True
1089,2015-08-25-01,-76.7902,39.0724,1,True
1090,2015-08-25-01,-74.9384,42.1497,0,True
1091,2015-08-25-01,-74.9384,42.1497,0,True
1092,2015-08-25-01,-74.9384,42.1497,0,True
1093,2015-08-25-01,-74.9384,42.1497,0,True
1094,2015-08-25-01,-74.9384,42.1497,0,True
1095,2015-08-25-01,-74.9384,42.1497,1,True
1096,2015-08-25-01,-74.9384,42.1497,1,True
1097,2015-08-25-01,-74.9384,42.1497,1,True
1098,2015-08-25-01,-74.9384,42.1497,1,True
1099,2015-08-25-01,-74.9384,42.1497,1,True
1100,2015-08-25-01,-74.9384,42.1497,1,True
1101,2015-08-25-01,-74.9384,42.1497,1,True
1102,2015-08-25-01,-74.9384,42.1497,1,True
1103,2015-08-25-01,-74.5089,40.314,0,True
1104,2015-08-25-01,-74.5089,40.314,0,True
1105,2015-08-25-01,-74.5089,40.314,0,True
1106,2015-08-25-01,-74.5089,40.314,1,True
1107,2015-08-25-01,-74.5089,40.314,1,True
1108,2015-08-25-01,-72.7622,41.5834,1,True
1109,2015-08-25-01,-72.7093,44.0407,0,True
1110,2015-08-25-01,-72.7093,44.0407,0,True
1111,2015-08-25-01,-72.7093,44.0407,0,True
1112,2015-08-25-01,-72.7093,44.0407,1,True
1113,2015-08-25-01,-71.5653,43.4108,1,True
1114,2015-08-25-01,-71.5653,43.4108,1,True
1115,2015-08-25-01,-71.5314,42.2373,0,True
1116,2015-08-25-01,-71.5314,42.2373,0,True
1117,2015-08-25-01,-71.5314,42.2373,1,True
1118,2015-08-25-01,-69.3977,44.6074,0,True
1119,2015-08-25-01,-69.3977,44.6074,0,True
1120,2015-08-26-01,-122.1269,44.5672,1,True
1121,2015-08-26-01,-122.1269,44.5672,1,True
1122,2015-08-26-01,-121.5708,47.3917,0,True
1123,2015-08-26-01,-121.5708,47.3917,1,True
1124,2015-08-26-01,-121.5708,47.3917,1,True
1125,2015-08-26-01,-119.7462,36.17,0,True
1126,2015-08-26-01,-119.7462,36.17,0,True
1127,2015-08-26-01,-119.7462,36.17,0,True
1128,2015-08-26-01,-119.7462,36.17,1,True
1129,2015-08-26-01,-119.7462,36.17,1,True
1130,2015-08-26-01,-110.3261,46.9048,1,True
1131,2015-08-26-01,-110.3261,46.9048,1,True
1132,2015-08-26-01,-105.3272,39.0646,1,True
1133,2015-08-26-01,-105.3272,39.0646,1,True
1134,2015-08-26-01,-97.6475,31.105999999999998,1,True
1135,2015-08-26-01,-97.6475,31.105999999999998,1,True
1136,2015-08-26-01,-97.6475,31.105999999999998,1,True
1137,2015-08-26-01,-96.8005,38.5111,0,True
1138,2015-08-26-01,-93.9196,45.7326,0,True
1139,2015-08-26-01,-91.8749,31.1801,0,True
1140,2015-08-26-01,-89.6812,32.7673,1,True
1141,2015-08-26-01,-89.0022,40.3363,0,True
1142,2015-08-26-01,-89.0022,40.3363,1,True
1143,2015-08-26-01,-84.5603,43.3504,1,True
1144,2015-08-26-01,-84.5603,43.3504,1,True
1145,2015-08-26-01,-84.5603,43.3504,1,True
1146,2015-08-26-01,-83.6487,32.9866,0,True
1147,2015-08-26-01,-82.7755,40.3736,0,True
1148,2015-08-26-01,-81.717,27.8333,0,True
1149,2015-08-26-01,-81.717,27.8333,0,True
1150,2015-08-26-01,-81.717,27.8333,1,True
1151,2015-08-26-01,-80.9066,33.8191,0,True
1152,2015-08-26-01,-80.9066,33.8191,0,True
1153,2015-08-26-01,-78.2057,37.768,0,True
1154,2015-08-26-01,-78.2057,37.768,0,True
1155,2015-08-26-01,-78.2057,37.768,0,True
1156,2015-08-26-01,-78.2057,37.768,0,True
1157,2015-08-26-01,-78.2057,37.768,1,True
1158,2015-08-26-01,-77.264,40.5773,0,True
1159,2015-08-26-01,-77.264,40.5773,1,True
1160,2015-08-26-01,-77.0262,38.8964,0,True
1161,2015-08-26-01,-77.0262,38.8964,1,True
1162,2015-08-26-01,-76.7902,39.0724,0,True
1163,2015-08-26-01,-76.7902,39.0724,0,True
1164,2015-08-26-01,-76.7902,39.0724,0,True
1165,2015-08-26-01,-74.9384,42.1497,0,True
1166,2015-08-26-01,-74.9384,42.1497,0,True
1167,2015-08-26-01,-74.9384,42.1497,0,True
1168,2015-08-26-01,-74.9384,42.1497,0,True
1169,2015-08-26-01,-74.9384,42.1497,0,True
1170,2015-08-26-01,-74.9384,42.1497,0,True
1171,2015-08-26-01,-74.9384,42.1497,0,True
1172,2015-08-26-01,-74.9384,42.1497,0,True
1173,2015-08-26-01,-74.9384,42.1497,0,True
1174,2015-08-26-01,-74.9384,42.1497,1,True
1175,2015-08-26-01,-74.9384,42.1497,1,True
1176,2015-08-26-01,-74.9384,42.1497,1,True
1177,2015-08-26-01,-74.9384,42.1497,1,True
1178,2015-08-26-01,-74.9384,42.1497,1,True
1179,2015-08-26-01,-74.9384,42.1497,1,True
1180,2015-08-26-01,-74.9384,42.1497,1,True
1181,2015-08-26-01,-74.9384,42.1497,1,True
1182,2015-08-26-01,-74.9384,42.1497,1,True
1183,2015-08-26-01,-74.9384,42.1497,1,True
1184,2015-08-26-01,-74.9384,42.1497,1,True
1185,2015-08-26-01,-74.9384,42.1497,1,True
1186,2015-08-26-01,-74.5089,40.314,0,True
1187,2015-08-26-01,-74.5089,40.314,0,True
1188,2015-08-26-01,-74.5089,40.314,1,True
1189,2015-08-26-01,-74.5089,40.314,1,True
1190,2015-08-26-01,-72.7622,41.5834,0,True
1191,2015-08-26-01,-72.7622,41.5834,1,True
1192,2015-08-26-01,-71.5653,43.4108,0,True
1193,2015-08-26-01,-71.5653,43.4108,1,True
1194,2015-08-26-01,-71.5653,43.4108,1,True
1195,2015-08-26-01,-71.5314,42.2373,0,True
1196,2015-08-26-01,-71.5314,42.2373,0,True
1197,2015-08-26-01,-71.5314,42.2373,0,True
1198,2015-08-26-01,-71.5314,42.2373,1,True
1199,2015-08-26-01,-71.5314,42.2373,1,True
1200,2015-08-26-01,-71.5314,42.2373,1,True
1201,2015-08-26-01,-71.5101,41.6772,0,True
1202,2015-08-26-01,-71.5101,41.6772,0,True
1203,2015-08-26-01,-71.5101,41.6772,1,True
1204,2015-08-26-01,-69.3977,44.6074,1,True
1205,2015-08-28-01,-119.7462,36.17,1,True
1206,2015-08-28-01,-81.717,27.8333,0,True
1207,2015-08-29-01,-157.5311,21.1098,0,True
1208,2015-08-29-01,-121.5708,47.3917,1,True
1209,2015-08-29-01,-119.7462,36.17,0,True
1210,2015-08-29-01,-119.7462,36.17,0,True
1211,2015-08-29-01,-119.7462,36.17,0,True
1212,2015-08-29-01,-119.7462,36.17,0,True
1213,2015-08-29-01,-119.7462,36.17,1,True
1214,2015-08-29-01,-117.1219,38.4199,0,True
1215,2015-08-29-01,-111.8535,40.1135,0,True
1216,2015-08-29-01,-111.8535,40.1135,1,True
1217,2015-08-29-01,-111.3877,33.7712,1,True
1218,2015-08-29-01,-106.2371,34.8375,0,True
1219,2015-08-29-01,-106.2371,34.8375,1,True
1220,2015-08-29-01,-106.2371,34.8375,1,True
1221,2015-08-29-01,-105.3272,39.0646,1,True
1222,2015-08-29-01,-105.3272,39.0646,1,True
1223,2015-08-29-01,-97.6475,31.105999999999998,0,True
1224,2015-08-29-01,-97.6475,31.105999999999998,0,True
1225,2015-08-29-01,-97.6475,31.105999999999998,1,True
1226,2015-08-29-01,-97.6475,31.105999999999998,1,True
1227,2015-08-29-01,-97.6475,31.105999999999998,1,True
1228,2015-08-29-01,-96.9247,35.5376,1,True
1229,2015-08-29-01,-93.214,42.0046,0,True
1230,2015-08-29-01,-91.8749,31.1801,0,True
1231,2015-08-29-01,-89.6385,44.2563,1,True
1232,2015-08-29-01,-89.6385,44.2563,1,True
1233,2015-08-29-01,-89.0022,40.3363,0,True
1234,2015-08-29-01,-89.0022,40.3363,1,True
1235,2015-08-29-01,-86.8073,32.799,0,True
1236,2015-08-29-01,-84.5603,43.3504,0,True
1237,2015-08-29-01,-84.5603,43.3504,1,True
1238,2015-08-29-01,-83.6487,32.9866,1,True
1239,2015-08-29-01,-82.7755,40.3736,1,True
1240,2015-08-29-01,-81.717,27.8333,0,True
1241,2015-08-29-01,-81.717,27.8333,0,True
1242,2015-08-29-01,-81.717,27.8333,1,True
1243,2015-08-29-01,-81.717,27.8333,1,True
1244,2015-08-29-01,-81.717,27.8333,1,True
1245,2015-08-29-01,-80.9066,33.8191,1,True
1246,2015-08-29-01,-78.2057,37.768,0,True
1247,2015-08-29-01,-78.2057,37.768,0,True
1248,2015-08-29-01,-78.2057,37.768,1,True
1249,2015-08-29-01,-77.264,40.5773,1,True
1250,2015-08-29-01,-77.264,40.5773,1,True
1251,2015-08-29-01,-77.0262,38.8964,1,True
1252,2015-08-29-01,-76.7902,39.0724,1,True
1253,2015-08-29-01,-76.7902,39.0724,1,True
1254,2015-08-29-01,-76.7902,39.0724,1,True
1255,2015-08-29-01,-74.9384,42.1497,0,True
1256,2015-08-29-01,-74.9384,42.1497,0,True
1257,2015-08-29-01,-74.9384,42.1497,0,True
1258,2015-08-29-01,-74.9384,42.1497,0,True
1259,2015-08-29-01,-74.9384,42.1497,1,True
1260,2015-08-29-01,-74.9384,42.1497,1,True
1261,2015-08-29-01,-74.9384,42.1497,1,True
1262,2015-08-29-01,-74.9384,42.1497,1,True
1263,2015-08-29-01,-74.9384,42.1497,1,True
1264,2015-08-29-01,-74.5089,40.314,0,True
1265,2015-08-29-01,-74.5089,40.314,1,True
1266,2015-08-29-01,-74.5089,40.314,1,True
1267,2015-08-29-01,-74.5089,40.314,1,True
1268,2015-08-29-01,-72.7622,41.5834,0,True
1269,2015-08-29-01,-72.7093,44.0407,1,True
1270,2015-08-29-01,-71.5314,42.2373,0,True
1271,2015-08-29-01,-71.5314,42.2373,0,True
1272,2015-08-29-01,-71.5314,42.2373,1,True
1273,2015-08-29-01,-69.3977,44.6074,1,True
1274,2015-08-30-01,-122.1269,44.5672,1,True
1275,2015-08-30-01,-119.7462,36.17,0,True
1276,2015-08-30-01,-119.7462,36.17,0,True
1277,2015-08-30-01,-119.7462,36.17,0,True
1278,2015-08-30-01,-119.7462,36.17,1,True
1279,2015-08-30-01,-119.7462,36.17,1,True
1280,2015-08-30-01,-117.1219,38.4199,1,True
1281,2015-08-30-01,-111.8535,40.1135,1,True
1282,2015-08-30-01,-105.3272,39.0646,1,True
1283,2015-08-30-01,-97.6475,31.105999999999998,0,True
1284,2015-08-30-01,-97.6475,31.105999999999998,1,True
1285,2015-08-30-01,-97.6475,31.105999999999998,1,True
1286,2015-08-30-01,-96.9247,35.5376,1,True
1287,2015-08-30-01,-91.8749,31.1801,1,True
1288,2015-08-30-01,-89.6812,32.7673,1,True
1289,2015-08-30-01,-89.0022,40.3363,1,True
1290,2015-08-30-01,-89.0022,40.3363,1,True
1291,2015-08-30-01,-86.7489,35.7449,1,True
1292,2015-08-30-01,-83.6487,32.9866,0,True
1293,2015-08-30-01,-83.6487,32.9866,1,True
1294,2015-08-30-01,-82.7755,40.3736,0,True
1295,2015-08-30-01,-82.7755,40.3736,0,True
1296,2015-08-30-01,-81.717,27.8333,0,True
1297,2015-08-30-01,-81.717,27.8333,1,True
1298,2015-08-30-01,-81.717,27.8333,1,True
1299,2015-08-30-01,-80.9066,33.8191,1,True
1300,2015-08-30-01,-78.2057,37.768,0,True
1301,2015-08-30-01,-78.2057,37.768,1,True
1302,2015-08-30-01,-76.7902,39.0724,1,True
1303,2015-08-30-01,-76.7902,39.0724,1,True
1304,2015-08-30-01,-74.9384,42.1497,0,True
1305,2015-08-30-01,-74.9384,42.1497,0,True
1306,2015-08-30-01,-74.9384,42.1497,0,True
1307,2015-08-30-01,-74.9384,42.1497,0,True
1308,2015-08-30-01,-74.9384,42.1497,0,True
1309,2015-08-30-01,-74.9384,42.1497,0,True
1310,2015-08-30-01,-74.9384,42.1497,1,True
1311,2015-08-30-01,-74.9384,42.1497,1,True
1312,2015-08-30-01,-74.9384,42.1497,1,True
1313,2015-08-30-01,-74.9384,42.1497,1,True
1314,2015-08-30-01,-74.9384,42.1497,1,True
1315,2015-08-30-01,-74.9384,42.1497,1,True
1316,2015-08-30-01,-74.9384,42.1497,1,True
1317,2015-08-30-01,-74.9384,42.1497,1,True
1318,2015-08-30-01,-74.9384,42.1497,1,True
1319,2015-08-30-01,-74.5089,40.314,1,True
1320,2015-08-30-01,-74.5089,40.314,1,True
1321,2015-08-30-01,-72.7622,41.5834,1,True
1322,2015-08-30-01,-72.7622,41.5834,1,True
1323,2015-08-30-01,-72.7622,41.5834,1,True
1324,2015-08-30-01,-72.7622,41.5834,1,True
1325,2015-08-30-01,-71.5314,42.2373,0,True
1326,2015-08-30-01,-71.5314,42.2373,0,True
1327,2015-08-30-01,-71.5314,42.2373,1,True
1328,2015-08-31-01,-121.5708,47.3917,1,True
1329,2015-08-31-01,-119.7462,36.17,1,True
1330,2015-08-31-01,-119.7462,36.17,1,True
1331,2015-08-31-01,-119.7462,36.17,1,True
1332,2015-08-31-01,-119.7462,36.17,1,True
1333,2015-08-31-01,-111.3877,33.7712,0,True
1334,2015-08-31-01,-111.3877,33.7712,1,True
1335,2015-08-31-01,-99.4632,44.2853,1,True
1336,2015-08-31-01,-97.6475,31.105999999999998,0,True
1337,2015-08-31-01,-97.6475,31.105999999999998,1,True
1338,2015-08-31-01,-97.6475,31.105999999999998,1,True
1339,2015-08-31-01,-97.6475,31.105999999999998,1,True
1340,2015-08-31-01,-97.6475,31.105999999999998,1,True
1341,2015-08-31-01,-93.9196,45.7326,1,True
1342,2015-08-31-01,-91.8749,31.1801,1,True
1343,2015-08-31-01,-89.6385,44.2563,1,True
1344,2015-08-31-01,-89.0022,40.3363,0,True
1345,2015-08-31-01,-89.0022,40.3363,1,True
1346,2015-08-31-01,-89.0022,40.3363,1,True
1347,2015-08-31-01,-89.0022,40.3363,1,True
1348,2015-08-31-01,-86.7489,35.7449,1,True
1349,2015-08-31-01,-84.5603,43.3504,1,True
1350,2015-08-31-01,-81.717,27.8333,1,True
1351,2015-08-31-01,-81.717,27.8333,1,True
1352,2015-08-31-01,-80.9066,33.8191,1,True
1353,2015-08-31-01,-80.9066,33.8191,1,True
1354,2015-08-31-01,-79.8431,35.6411,0,True
1355,2015-08-31-01,-79.8431,35.6411,1,True
1356,2015-08-31-01,-77.264,40.5773,1,True
1357,2015-08-31-01,-77.0262,38.8964,0,True
1358,2015-08-31-01,-77.0262,38.8964,0,True
1359,2015-08-31-01,-77.0262,38.8964,1,True
1360,2015-08-31-01,-77.0262,38.8964,1,True
1361,2015-08-31-01,-76.7902,39.0724,0,True
1362,2015-08-31-01,-76.7902,39.0724,1,True
1363,2015-08-31-01,-74.9384,42.1497,0,True
1364,2015-08-31-01,-74.9384,42.1497,1,True
1365,2015-08-31-01,-74.9384,42.1497,1,True
1366,2015-08-31-01,-74.9384,42.1497,1,True
1367,2015-08-31-01,-74.9384,42.1497,1,True
1368,2015-08-31-01,-74.9384,42.1497,1,True
1369,2015-08-31-01,-74.9384,42.1497,1,True
1370,2015-08-31-01,-74.5089,40.314,0,True
1371,2015-08-31-01,-74.5089,40.314,0,True
1372,2015-08-31-01,-74.5089,40.314,0,True
1373,2015-08-31-01,-72.7622,41.5834,0,True
1374,2015-08-31-01,-72.7622,41.5834,1,True
1375,2015-08-31-01,-71.5653,43.4108,1,True
1376,2015-08-31-01,-71.5314,42.2373,0,True
1377,2015-08-31-01,-71.5314,42.2373,1,True
1378,2015-08-31-01,-71.5314,42.2373,1,True
1379,2015-08-31-01,-71.5314,42.2373,1,True
1380,2015-08-31-01,-71.5314,42.2373,1,True
1381,2015-09-01-01,-119.7462,36.17,0,True
1382,2015-09-01-01,-119.7462,36.17,1,True
1383,2015-09-01-01,-119.7462,36.17,1,True
1384,2015-09-01-01,-97.6475,31.105999999999998,0,True
1385,2015-09-01-01,-89.0022,40.3363,1,True
1386,2015-09-01-01,-84.5603,43.3504,0,True
1387,2015-09-01-01,-81.717,27.8333,1,True
1388,2015-09-01-01,-80.9066,33.8191,0,True
1389,2015-09-01-01,-77.264,40.5773,0,True
1390,2015-09-01-01,-77.264,40.5773,0,True
1391,2015-09-01-01,-77.264,40.5773,0,True
1392,2015-09-01-01,-76.7902,39.0724,0,True
1393,2015-09-01-01,-76.7902,39.0724,1,True
1394,2015-09-01-01,-74.5089,40.314,1,True
1395,2015-09-01-01,-69.3977,44.6074,0,True
1396,2015-09-02-01,-119.7462,36.17,0,True
1397,2015-09-02-01,-119.7462,36.17,1,True
1398,2015-09-02-01,-119.7462,36.17,1,True
1399,2015-09-02-01,-119.7462,36.17,1,True
1400,2015-09-02-01,-119.7462,36.17,1,True
1401,2015-09-02-01,-117.1219,38.4199,1,True
1402,2015-09-02-01,-106.2371,34.8375,0,True
1403,2015-09-02-01,-97.6475,31.105999999999998,0,True
1404,2015-09-02-01,-97.6475,31.105999999999998,1,True
1405,2015-09-02-01,-93.214,42.0046,1,True
1406,2015-09-02-01,-89.0022,40.3363,0,True
1407,2015-09-02-01,-89.0022,40.3363,1,True
1408,2015-09-02-01,-81.717,27.8333,1,True
1409,2015-09-02-01,-80.9066,33.8191,0,True
1410,2015-09-02-01,-79.8431,35.6411,0,True
1411,2015-09-02-01,-74.9384,42.1497,0,True
1412,2015-09-02-01,-74.9384,42.1497,0,True
1413,2015-09-02-01,-74.9384,42.1497,0,True
1414,2015-09-02-01,-74.9384,42.1497,0,True
1415,2015-09-02-01,-74.9384,42.1497,0,True
1416,2015-09-02-01,-74.9384,42.1497,0,True
1417,2015-09-02-01,-74.9384,42.1497,1,True
1418,2015-09-02-01,-74.9384,42.1497,1,True
1419,2015-09-02-01,-74.5089,40.314,1,True
1420,2015-09-02-01,-74.5089,40.314,1,True
1421,2015-09-02-01,-74.5089,40.314,1,True
1422,2015-09-02-01,-72.7622,41.5834,0,True
1423,2015-09-02-01,-72.7622,41.5834,1,True
1424,2015-09-02-01,-71.5314,42.2373,0,True
1425,2015-09-02-01,-71.5314,42.2373,0,True
1426,2015-09-02-01,-71.5314,42.2373,1,True
1427,2015-09-02-01,-71.5314,42.2373,1,True
1428,2015-09-03-01,-121.5708,47.3917,1,True
1429,2015-09-03-01,-119.7462,36.17,1,True
1430,2015-09-03-01,-111.3877,33.7712,1,True
1431,2015-09-03-01,-77.0262,38.8964,1,True
1432,2015-09-03-01,-75.5148,39.3498,1,True
1433,2015-09-03-01,-74.9384,42.1497,1,True
1434,2015-09-03-01,-74.9384,42.1497,1,True
1435,2015-09-03-01,-69.3977,44.6074,0,True
1436,2015-09-04-01,-119.7462,36.17,0,True
1437,2015-09-04-01,-119.7462,36.17,1,True
1438,2015-09-04-01,-111.3877,33.7712,0,True
1439,2015-09-04-01,-111.3877,33.7712,1,True
1440,2015-09-04-01,-105.3272,39.0646,1,True
1441,2015-09-04-01,-89.6385,44.2563,0,True
1442,2015-09-04-01,-89.6385,44.2563,1,True
1443,2015-09-04-01,-89.0022,40.3363,0,True
1444,2015-09-04-01,-84.6514,37.669000000000004,1,True
1445,2015-09-04-01,-81.717,27.8333,0,True
1446,2015-09-04-01,-81.717,27.8333,1,True
1447,2015-09-04-01,-78.2057,37.768,0,True
1448,2015-09-04-01,-76.7902,39.0724,0,True
1449,2015-09-04-01,-74.9384,42.1497,0,True
1450,2015-09-04-01,-74.9384,42.1497,1,True
1451,2015-09-04-01,-74.9384,42.1497,1,True
1452,2015-09-04-01,-72.7622,41.5834,0,True
1453,2015-09-05-01,-119.7462,36.17,0,True
1454,2015-09-05-01,-119.7462,36.17,0,True
1455,2015-09-05-01,-105.3272,39.0646,1,True
1456,2015-09-05-01,-74.9384,42.1497,0,True
1457,2015-09-05-01,-74.9384,42.1497,1,True
1458,2015-09-06-01,-119.7462,36.17,0,True
1459,2015-09-06-01,-119.7462,36.17,0,True
1460,2015-09-06-01,-119.7462,36.17,1,True
1461,2015-09-06-01,-111.3877,33.7712,0,True
1462,2015-09-06-01,-105.3272,39.0646,0,True
1463,2015-09-06-01,-81.717,27.8333,1,True
1464,2015-09-06-01,-79.8431,35.6411,1,True
1465,2015-09-06-01,-78.2057,37.768,0,True
1466,2015-09-06-01,-78.2057,37.768,0,True
1467,2015-09-06-01,-74.9384,42.1497,0,True
1468,2015-09-06-01,-74.9384,42.1497,0,True
1469,2015-09-06-01,-74.9384,42.1497,0,True
1470,2015-09-06-01,-74.9384,42.1497,0,True
1471,2015-09-06-01,-74.9384,42.1497,1,True
1472,2015-09-06-01,-74.9384,42.1497,1,True
1473,2015-09-06-01,-74.9384,42.1497,1,True
1474,2015-09-06-01,-74.5089,40.314,1,True
1475,2015-09-06-01,-74.5089,40.314,1,True
1476,2015-09-06-01,-72.7622,41.5834,1,True
1477,2015-09-06-01,-72.7093,44.0407,1,True
1478,2015-09-07-01,-122.1269,44.5672,1,True
1479,2015-09-07-01,-119.7462,36.17,0,True
1480,2015-09-07-01,-119.7462,36.17,0,True
1481,2015-09-07-01,-119.7462,36.17,1,True
1482,2015-09-07-01,-119.7462,36.17,1,True
1483,2015-09-07-01,-119.7462,36.17,1,True
1484,2015-09-07-01,-119.7462,36.17,1,True
1485,2015-09-07-01,-119.7462,36.17,1,True
1486,2015-09-07-01,-117.1219,38.4199,0,True
1487,2015-09-07-01,-111.8535,40.1135,1,True
1488,2015-09-07-01,-111.3877,33.7712,1,True
1489,2015-09-07-01,-110.3261,46.9048,0,True
1490,2015-09-07-01,-105.3272,39.0646,1,True
1491,2015-09-07-01,-97.6475,31.105999999999998,1,True
1492,2015-09-07-01,-97.6475,31.105999999999998,1,True
1493,2015-09-07-01,-93.9196,45.7326,1,True
1494,2015-09-07-01,-92.302,38.4623,0,True
1495,2015-09-07-01,-89.0022,40.3363,0,True
1496,2015-09-07-01,-84.6514,37.669000000000004,1,True
1497,2015-09-07-01,-84.5603,43.3504,0,True
1498,2015-09-07-01,-84.5603,43.3504,0,True
1499,2015-09-07-01,-84.5603,43.3504,1,True
1500,2015-09-07-01,-83.6487,32.9866,0,True
1501,2015-09-07-01,-83.6487,32.9866,0,True
1502,2015-09-07-01,-83.6487,32.9866,0,True
1503,2015-09-07-01,-83.6487,32.9866,1,True
1504,2015-09-07-01,-82.7755,40.3736,0,True
1505,2015-09-07-01,-81.717,27.8333,0,True
1506,2015-09-07-01,-81.717,27.8333,0,True
1507,2015-09-07-01,-81.717,27.8333,1,True
1508,2015-09-07-01,-81.717,27.8333,1,True
1509,2015-09-07-01,-80.9066,33.8191,1,True
1510,2015-09-07-01,-79.8431,35.6411,1,True
1511,2015-09-07-01,-79.8431,35.6411,1,True
1512,2015-09-07-01,-79.8431,35.6411,1,True
1513,2015-09-07-01,-78.2057,37.768,0,True
1514,2015-09-07-01,-78.2057,37.768,1,True
1515,2015-09-07-01,-77.264,40.5773,0,True
1516,2015-09-07-01,-77.264,40.5773,0,True
1517,2015-09-07-01,-77.264,40.5773,0,True
1518,2015-09-07-01,-77.264,40.5773,0,True
1519,2015-09-07-01,-77.264,40.5773,1,True
1520,2015-09-07-01,-77.264,40.5773,1,True
1521,2015-09-07-01,-77.264,40.5773,1,True
1522,2015-09-07-01,-77.264,40.5773,1,True
1523,2015-09-07-01,-76.7902,39.0724,1,True
1524,2015-09-07-01,-76.7902,39.0724,1,True
1525,2015-09-07-01,-76.7902,39.0724,1,True
1526,2015-09-07-01,-74.9384,42.1497,0,True
1527,2015-09-07-01,-74.9384,42.1497,0,True
1528,2015-09-07-01,-74.9384,42.1497,0,True
1529,2015-09-07-01,-74.9384,42.1497,0,True
1530,2015-09-07-01,-74.9384,42.1497,0,True
1531,2015-09-07-01,-74.9384,42.1497,1,True
1532,2015-09-07-01,-74.9384,42.1497,1,True
1533,2015-09-07-01,-74.9384,42.1497,1,True
1534,2015-09-07-01,-74.5089,40.314,0,True
1535,2015-09-07-01,-74.5089,40.314,0,True
1536,2015-09-07-01,-74.5089,40.314,1,True
1537,2015-09-07-01,-74.5089,40.314,1,True
1538,2015-09-07-01,-72.7622,41.5834,0,True
1539,2015-09-07-01,-72.7622,41.5834,1,True
1540,2015-09-07-01,-72.7093,44.0407,0,True
1541,2015-09-07-01,-72.7093,44.0407,0,True
1542,2015-09-07-01,-71.5653,43.4108,1,True
1543,2015-09-07-01,-71.5653,43.4108,1,True
1544,2015-09-07-01,-71.5314,42.2373,0,True
1545,2015-09-07-01,-71.5314,42.2373,0,True
1546,2015-09-07-01,-71.5314,42.2373,1,True
1547,2015-09-07-01,-71.5314,42.2373,1,True
1548,2015-09-07-01,-71.5314,42.2373,1,True
1549,2015-09-07-01,-71.5314,42.2373,1,True
1550,2015-09-07-01,-71.5101,41.6772,1,True
1551,2015-09-08-01,-119.7462,36.17,0,True
1552,2015-09-08-01,-89.6385,44.2563,1,True
1553,2015-09-08-01,-77.264,40.5773,1,True
1554,2015-09-08-01,-74.9384,42.1497,1,True
1555,2015-09-08-01,-74.9384,42.1497,1,True
1556,2015-09-08-01,-71.5101,41.6772,0,True
1557,2015-09-09-01,-122.1269,44.5672,0,True
1558,2015-09-09-01,-121.5708,47.3917,0,True
1559,2015-09-09-01,-121.5708,47.3917,1,True
1560,2015-09-09-01,-119.7462,36.17,0,True
1561,2015-09-09-01,-119.7462,36.17,0,True
1562,2015-09-09-01,-119.7462,36.17,0,True
1563,2015-09-09-01,-119.7462,36.17,0,True
1564,2015-09-09-01,-119.7462,36.17,0,True
1565,2015-09-09-01,-119.7462,36.17,1,True
1566,2015-09-09-01,-119.7462,36.17,1,True
1567,2015-09-09-01,-119.7462,36.17,1,True
1568,2015-09-09-01,-119.7462,36.17,1,True
1569,2015-09-09-01,-119.7462,36.17,1,True
1570,2015-09-09-01,-119.7462,36.17,1,True
1571,2015-09-09-01,-119.7462,36.17,1,True
1572,2015-09-09-01,-119.7462,36.17,1,True
1573,2015-09-09-01,-119.7462,36.17,1,True
1574,2015-09-09-01,-119.7462,36.17,1,True
1575,2015-09-09-01,-119.7462,36.17,1,True
1576,2015-09-09-01,-114.5103,44.2394,0,True
1577,2015-09-09-01,-110.3261,46.9048,1,True
1578,2015-09-09-01,-110.3261,46.9048,1,True
1579,2015-09-09-01,-106.2371,34.8375,1,True
1580,2015-09-09-01,-105.3272,39.0646,1,True
1581,2015-09-09-01,-97.6475,31.105999999999998,0,True
1582,2015-09-09-01,-97.6475,31.105999999999998,0,True
1583,2015-09-09-01,-97.6475,31.105999999999998,1,True
1584,2015-09-09-01,-97.6475,31.105999999999998,1,True
1585,2015-09-09-01,-96.9247,35.5376,1,True
1586,2015-09-09-01,-92.3809,34.9513,1,True
1587,2015-09-09-01,-89.6385,44.2563,1,True
1588,2015-09-09-01,-86.8073,32.799,1,True
1589,2015-09-09-01,-86.7489,35.7449,1,True
1590,2015-09-09-01,-83.6487,32.9866,0,True
1591,2015-09-09-01,-83.6487,32.9866,0,True
1592,2015-09-09-01,-83.6487,32.9866,1,True
1593,2015-09-09-01,-83.6487,32.9866,1,True
1594,2015-09-09-01,-82.7755,40.3736,0,True
1595,2015-09-09-01,-82.7755,40.3736,1,True
1596,2015-09-09-01,-82.7755,40.3736,1,True
1597,2015-09-09-01,-81.717,27.8333,0,True
1598,2015-09-09-01,-81.717,27.8333,1,True
1599,2015-09-09-01,-79.8431,35.6411,1,True
1600,2015-09-09-01,-78.2057,37.768,1,True
1601,2015-09-09-01,-77.264,40.5773,0,True
1602,2015-09-09-01,-77.264,40.5773,1,True
1603,2015-09-09-01,-74.9384,42.1497,0,True
1604,2015-09-09-01,-74.9384,42.1497,0,True
1605,2015-09-09-01,-74.9384,42.1497,0,True
1606,2015-09-09-01,-74.9384,42.1497,0,True
1607,2015-09-09-01,-74.9384,42.1497,0,True
1608,2015-09-09-01,-74.9384,42.1497,1,True
1609,2015-09-09-01,-74.9384,42.1497,1,True
1610,2015-09-09-01,-74.9384,42.1497,1,True
1611,2015-09-09-01,-74.9384,42.1497,1,True
1612,2015-09-09-01,-74.9384,42.1497,1,True
1613,2015-09-09-01,-74.9384,42.1497,1,True
1614,2015-09-09-01,-74.9384,42.1497,1,True
1615,2015-09-09-01,-74.9384,42.1497,1,True
1616,2015-09-09-01,-74.5089,40.314,0,True
1617,2015-09-09-01,-74.5089,40.314,1,True
1618,2015-09-09-01,-74.5089,40.314,1,True
1619,2015-09-09-01,-72.7093,44.0407,0,True
1620,2015-09-09-01,-72.7093,44.0407,1,True
1621,2015-09-09-01,-71.5314,42.2373,0,True
1622,2015-09-09-01,-71.5314,42.2373,1,True
1623,2015-09-09-01,-71.5101,41.6772,1,True
1624,2015-09-10-01,-122.1269,44.5672,1,True
1625,2015-09-10-01,-122.1269,44.5672,1,True
1626,2015-09-10-01,-121.5708,47.3917,0,True
1627,2015-09-10-01,-121.5708,47.3917,1,True
1628,2015-09-10-01,-119.7462,36.17,0,True
1629,2015-09-10-01,-119.7462,36.17,0,True
1630,2015-09-10-01,-119.7462,36.17,0,True
1631,2015-09-10-01,-119.7462,36.17,1,True
1632,2015-09-10-01,-119.7462,36.17,1,True
1633,2015-09-10-01,-119.7462,36.17,1,True
1634,2015-09-10-01,-119.7462,36.17,1,True
1635,2015-09-10-01,-111.3877,33.7712,0,True
1636,2015-09-10-01,-111.3877,33.7712,1,True
1637,2015-09-10-01,-111.3877,33.7712,1,True
1638,2015-09-10-01,-97.6475,31.105999999999998,0,True
1639,2015-09-10-01,-97.6475,31.105999999999998,0,True
1640,2015-09-10-01,-97.6475,31.105999999999998,1,True
1641,2015-09-10-01,-97.6475,31.105999999999998,1,True
1642,2015-09-10-01,-93.9196,45.7326,0,True
1643,2015-09-10-01,-89.0022,40.3363,0,True
1644,2015-09-10-01,-86.2604,39.8647,1,True
1645,2015-09-10-01,-83.6487,32.9866,0,True
1646,2015-09-10-01,-83.6487,32.9866,1,True
1647,2015-09-10-01,-82.7755,40.3736,0,True
1648,2015-09-10-01,-82.7755,40.3736,1,True
1649,2015-09-10-01,-81.717,27.8333,0,True
1650,2015-09-10-01,-81.717,27.8333,0,True
1651,2015-09-10-01,-81.717,27.8333,1,True
1652,2015-09-10-01,-79.8431,35.6411,1,True
1653,2015-09-10-01,-77.264,40.5773,0,True
1654,2015-09-10-01,-77.264,40.5773,1,True
1655,2015-09-10-01,-77.0262,38.8964,1,True
1656,2015-09-10-01,-74.9384,42.1497,0,True
1657,2015-09-10-01,-74.9384,42.1497,0,True
1658,2015-09-10-01,-74.9384,42.1497,0,True
1659,2015-09-10-01,-74.9384,42.1497,1,True
1660,2015-09-10-01,-74.9384,42.1497,1,True
1661,2015-09-10-01,-74.9384,42.1497,1,True
1662,2015-09-10-01,-74.9384,42.1497,1,True
1663,2015-09-10-01,-74.9384,42.1497,1,True
1664,2015-09-10-01,-74.9384,42.1497,1,True
1665,2015-09-10-01,-74.9384,42.1497,1,True
1666,2015-09-10-01,-74.5089,40.314,0,True
1667,2015-09-10-01,-74.5089,40.314,0,True
1668,2015-09-10-01,-72.7622,41.5834,0,True
1669,2015-09-10-01,-72.7622,41.5834,0,True
1670,2015-09-10-01,-72.7622,41.5834,1,True
1671,2015-09-10-01,-72.7622,41.5834,1,True
1672,2015-09-10-01,-71.5314,42.2373,1,True
1673,2015-09-10-01,-71.5314,42.2373,1,True
1674,2015-09-10-01,-71.5314,42.2373,1,True
1675,2015-09-10-01,-69.3977,44.6074,0,True
1676,2015-09-10-01,-69.3977,44.6074,1,True
1677,2015-09-11-01,-119.7462,36.17,0,True
1678,2015-09-11-01,-98.2883,41.1289,1,True
1679,2015-09-11-01,-97.6475,31.105999999999998,1,True
1680,2015-09-11-01,-97.6475,31.105999999999998,1,True
1681,2015-09-11-01,-93.9196,45.7326,1,True
1682,2015-09-11-01,-92.302,38.4623,0,True
1683,2015-09-11-01,-89.0022,40.3363,1,True
1684,2015-09-11-01,-83.6487,32.9866,0,True
1685,2015-09-11-01,-82.7755,40.3736,1,True
1686,2015-09-11-01,-81.717,27.8333,0,True
1687,2015-09-11-01,-81.717,27.8333,0,True
1688,2015-09-11-01,-81.717,27.8333,0,True
1689,2015-09-11-01,-80.9066,33.8191,1,True
1690,2015-09-11-01,-74.9384,42.1497,0,True
1691,2015-09-11-01,-74.9384,42.1497,0,True
1692,2015-09-11-01,-74.9384,42.1497,1,True
1693,2015-09-11-01,-74.9384,42.1497,1,True
1694,2015-09-11-01,-74.9384,42.1497,1,True
1695,2015-09-11-01,-74.5089,40.314,0,True
1696,2015-09-11-01,-74.5089,40.314,1,True
1697,2015-09-11-01,-72.7622,41.5834,1,True
1698,2015-09-11-01,-71.5314,42.2373,1,True
1699,2015-09-11-01,-71.5101,41.6772,1,True
1700,2015-09-12-01,-121.5708,47.3917,1,True
1701,2015-09-12-01,-119.7462,36.17,0,True
1702,2015-09-12-01,-119.7462,36.17,0,True
1703,2015-09-12-01,-119.7462,36.17,0,True
1704,2015-09-12-01,-119.7462,36.17,0,True
1705,2015-09-12-01,-119.7462,36.17,1,True
1706,2015-09-12-01,-111.3877,33.7712,1,True
1707,2015-09-12-01,-106.2371,34.8375,0,True
1708,2015-09-12-01,-106.2371,34.8375,0,True
1709,2015-09-12-01,-97.6475,31.105999999999998,0,True
1710,2015-09-12-01,-89.0022,40.3363,1,True
1711,2015-09-12-01,-89.0022,40.3363,1,True
1712,2015-09-12-01,-81.717,27.8333,0,True
1713,2015-09-12-01,-81.717,27.8333,1,True
1714,2015-09-12-01,-79.8431,35.6411,0,True
1715,2015-09-12-01,-74.9384,42.1497,0,True
1716,2015-09-12-01,-74.5089,40.314,0,True
1717,2015-09-12-01,-74.5089,40.314,1,True
1718,2015-09-12-01,-72.7093,44.0407,1,True
1719,2015-09-12-01,-72.7093,44.0407,1,True
1720,2015-09-12-01,-71.5653,43.4108,1,True
1721,2015-09-12-01,-71.5314,42.2373,1,True
1722,2015-09-12-01,-71.5101,41.6772,1,True
1723,2015-09-13-01,-119.7462,36.17,0,True
1724,2015-09-13-01,-119.7462,36.17,1,True
1725,2015-09-13-01,-119.7462,36.17,1,True
1726,2015-09-13-01,-111.3877,33.7712,1,True
1727,2015-09-13-01,-111.3877,33.7712,1,True
1728,2015-09-13-01,-105.3272,39.0646,1,True
1729,2015-09-13-01,-97.6475,31.105999999999998,0,True
1730,2015-09-13-01,-89.0022,40.3363,1,True
1731,2015-09-13-01,-82.7755,40.3736,1,True
1732,2015-09-13-01,-81.717,27.8333,0,True
1733,2015-09-13-01,-79.8431,35.6411,1,True
1734,2015-09-13-01,-77.0262,38.8964,0,True
1735,2015-09-13-01,-76.7902,39.0724,0,True
1736,2015-09-13-01,-76.7902,39.0724,1,True
1737,2015-09-13-01,-74.9384,42.1497,0,True
1738,2015-09-13-01,-74.9384,42.1497,1,True
1739,2015-09-13-01,-74.5089,40.314,0,True
1740,2015-09-14-01,-122.1269,44.5672,0,True
1741,2015-09-14-01,-121.5708,47.3917,1,True
1742,2015-09-14-01,-119.7462,36.17,0,True
1743,2015-09-14-01,-119.7462,36.17,1,True
1744,2015-09-14-01,-119.7462,36.17,1,True
1745,2015-09-14-01,-119.7462,36.17,1,True
1746,2015-09-14-01,-119.7462,36.17,1,True
1747,2015-09-14-01,-119.7462,36.17,1,True
1748,2015-09-14-01,-114.5103,44.2394,1,True
1749,2015-09-14-01,-111.3877,33.7712,0,True
1750,2015-09-14-01,-111.3877,33.7712,1,True
1751,2015-09-14-01,-110.3261,46.9048,0,True
1752,2015-09-14-01,-110.3261,46.9048,1,True
1753,2015-09-14-01,-106.2371,34.8375,0,True
1754,2015-09-14-01,-105.3272,39.0646,0,True
1755,2015-09-14-01,-97.6475,31.105999999999998,0,True
1756,2015-09-14-01,-97.6475,31.105999999999998,0,True
1757,2015-09-14-01,-97.6475,31.105999999999998,1,True
1758,2015-09-14-01,-97.6475,31.105999999999998,1,True
1759,2015-09-14-01,-96.9247,35.5376,1,True
1760,2015-09-14-01,-96.8005,38.5111,1,True
1761,2015-09-14-01,-91.8749,31.1801,1,True
1762,2015-09-14-01,-89.6812,32.7673,0,True
1763,2015-09-14-01,-89.0022,40.3363,0,True
1764,2015-09-14-01,-89.0022,40.3363,0,True
1765,2015-09-14-01,-89.0022,40.3363,1,True
1766,2015-09-14-01,-86.8073,32.799,1,True
1767,2015-09-14-01,-86.2604,39.8647,0,True
1768,2015-09-14-01,-83.6487,32.9866,0,True
1769,2015-09-14-01,-82.7755,40.3736,1,True
1770,2015-09-14-01,-81.717,27.8333,1,True
1771,2015-09-14-01,-81.717,27.8333,1,True
1772,2015-09-14-01,-81.717,27.8333,1,True
1773,2015-09-14-01,-81.717,27.8333,1,True
1774,2015-09-14-01,-79.8431,35.6411,1,True
1775,2015-09-14-01,-78.2057,37.768,0,True
1776,2015-09-14-01,-78.2057,37.768,0,True
1777,2015-09-14-01,-78.2057,37.768,1,True
1778,2015-09-14-01,-78.2057,37.768,1,True
1779,2015-09-14-01,-77.0262,38.8964,1,True
1780,2015-09-14-01,-74.9384,42.1497,0,True
1781,2015-09-14-01,-74.9384,42.1497,0,True
1782,2015-09-14-01,-74.9384,42.1497,0,True
1783,2015-09-14-01,-74.9384,42.1497,1,True
1784,2015-09-14-01,-74.9384,42.1497,1,True
1785,2015-09-14-01,-74.9384,42.1497,1,True
1786,2015-09-14-01,-74.9384,42.1497,1,True
1787,2015-09-14-01,-74.9384,42.1497,1,True
1788,2015-09-14-01,-74.9384,42.1497,1,True
1789,2015-09-14-01,-74.9384,42.1497,1,True
1790,2015-09-14-01,-74.5089,40.314,0,True
1791,2015-09-14-01,-74.5089,40.314,1,True
1792,2015-09-14-01,-74.5089,40.314,1,True
1793,2015-09-14-01,-74.5089,40.314,1,True
1794,2015-09-14-01,-72.7622,41.5834,0,True
1795,2015-09-14-01,-72.7622,41.5834,0,True
1796,2015-09-14-01,-72.7622,41.5834,1,True
1797,2015-09-14-01,-72.7622,41.5834,1,True
1798,2015-09-14-01,-72.7093,44.0407,0,True
1799,2015-09-14-01,-71.5653,43.4108,0,True
1800,2015-09-14-01,-71.5314,42.2373,0,True
1801,2015-09-14-01,-71.5314,42.2373,1,True
1802,2015-09-14-01,-71.5314,42.2373,1,True
1803,2015-09-14-01,-71.5314,42.2373,1,True
1804,2015-09-14-01,-71.5101,41.6772,1,True
1805,2015-09-14-01,-69.3977,44.6074,0,True
