,year,longitude,latitude,Sentiment,Comment_b
0,2010-09-31,-122.1269,44.5672,0,True
1,2010-09-31,-122.1269,44.5672,1,True
2,2010-09-31,-119.7462,36.17,0,True
3,2010-09-31,-119.7462,36.17,0,True
4,2010-09-31,-119.7462,36.17,1,True
5,2010-09-31,-119.7462,36.17,1,True
6,2010-09-31,-119.7462,36.17,1,True
7,2010-09-31,-117.1219,38.4199,0,True
8,2010-09-31,-111.8535,40.1135,0,True
9,2010-09-31,-110.3261,46.9048,0,True
10,2010-09-31,-105.3272,39.0646,0,True
11,2010-09-31,-105.3272,39.0646,0,True
12,2010-09-31,-105.3272,39.0646,0,True
13,2010-09-31,-97.6475,31.106,0,True
14,2010-09-31,-97.6475,31.106,0,True
15,2010-09-31,-97.6475,31.106,1,True
16,2010-09-31,-96.9247,35.5376,0,True
17,2010-09-31,-92.302,38.4623,0,True
18,2010-09-31,-92.302,38.4623,1,True
19,2010-09-31,-89.6385,44.2563,0,True
20,2010-09-31,-89.6385,44.2563,1,True
21,2010-09-31,-89.0022,40.3363,1,True
22,2010-09-31,-89.0022,40.3363,1,True
23,2010-09-31,-86.8073,32.799,1,True
24,2010-09-31,-86.7489,35.7449,1,True
25,2010-09-31,-84.6514,37.669,0,True
26,2010-09-31,-84.5603,43.3504,0,True
27,2010-09-31,-84.5603,43.3504,0,True
28,2010-09-31,-84.5603,43.3504,0,True
29,2010-09-31,-83.6487,32.9866,0,True
30,2010-09-31,-83.6487,32.9866,1,True
31,2010-09-31,-82.7755,40.3736,1,True
32,2010-09-31,-81.717,27.8333,1,True
33,2010-09-31,-79.8431,35.6411,0,True
34,2010-09-31,-79.8431,35.6411,0,True
35,2010-09-31,-79.8431,35.6411,1,True
36,2010-09-31,-78.2057,37.768,0,True
37,2010-09-31,-78.2057,37.768,0,True
38,2010-09-31,-78.2057,37.768,1,True
39,2010-09-31,-78.2057,37.768,1,True
40,2010-09-31,-77.264,40.5773,0,True
41,2010-09-31,-77.264,40.5773,1,True
42,2010-09-31,-77.264,40.5773,1,True
43,2010-09-31,-76.7902,39.0724,1,True
44,2010-09-31,-74.9384,42.1497,0,True
45,2010-09-31,-74.9384,42.1497,0,True
46,2010-09-31,-74.9384,42.1497,0,True
47,2010-09-31,-74.9384,42.1497,0,True
48,2010-09-31,-74.9384,42.1497,0,True
49,2010-09-31,-74.9384,42.1497,0,True
50,2010-09-31,-74.9384,42.1497,0,True
51,2010-09-31,-74.9384,42.1497,0,True
52,2010-09-31,-74.9384,42.1497,1,True
53,2010-09-31,-74.9384,42.1497,1,True
54,2010-09-31,-74.9384,42.1497,1,True
55,2010-09-31,-74.9384,42.1497,1,True
56,2010-09-31,-74.9384,42.1497,1,True
57,2010-09-31,-74.9384,42.1497,1,True
58,2010-09-31,-74.9384,42.1497,1,True
59,2010-09-31,-74.9384,42.1497,1,True
60,2010-09-31,-74.9384,42.1497,1,True
61,2010-09-31,-74.9384,42.1497,1,True
62,2010-09-31,-74.9384,42.1497,1,True
63,2010-09-31,-74.5089,40.314,0,True
64,2010-09-31,-74.5089,40.314,1,True
65,2010-09-31,-74.5089,40.314,1,True
66,2010-09-31,-72.7622,41.5834,0,True
67,2010-09-31,-72.7622,41.5834,0,True
68,2010-09-31,-72.7622,41.5834,1,True
69,2010-09-31,-72.7622,41.5834,1,True
70,2010-09-31,-72.7622,41.5834,1,True
71,2010-09-31,-72.7093,44.0407,0,True
72,2010-09-31,-72.7093,44.0407,0,True
73,2010-09-31,-72.7093,44.0407,0,True
74,2010-09-31,-72.7093,44.0407,1,True
75,2010-09-31,-72.7093,44.0407,1,True
76,2010-09-31,-72.7093,44.0407,1,True
77,2010-09-31,-72.7093,44.0407,1,True
78,2010-09-31,-72.7093,44.0407,1,True
79,2010-09-31,-72.7093,44.0407,1,True
80,2010-09-31,-71.5314,42.2373,0,True
81,2010-09-31,-71.5314,42.2373,0,True
82,2010-09-31,-71.5314,42.2373,0,True
83,2010-09-31,-71.5314,42.2373,1,True
84,2010-09-31,-71.5314,42.2373,1,True
85,2010-09-31,-71.5314,42.2373,1,True
86,2010-09-31,-69.3977,44.6074,1,True
87,2011-09-31,-121.5708,47.3917,1,True
88,2011-09-31,-119.7462,36.17,0,True
89,2011-09-31,-119.7462,36.17,1,True
90,2011-09-31,-119.7462,36.17,1,True
91,2011-09-31,-106.2371,34.8375,1,True
92,2011-09-31,-89.0022,40.3363,1,True
93,2011-09-31,-86.2604,39.8647,1,True
94,2011-09-31,-83.6487,32.9866,1,True
95,2011-09-31,-82.7755,40.3736,0,True
96,2011-09-31,-81.717,27.8333,1,True
97,2011-09-31,-80.9066,33.8191,1,True
98,2011-09-31,-78.2057,37.768,1,True
99,2011-09-31,-78.2057,37.768,1,True
100,2011-09-31,-76.7902,39.0724,0,True
101,2011-09-31,-76.7902,39.0724,0,True
102,2011-09-31,-74.9384,42.1497,0,True
103,2011-09-31,-74.9384,42.1497,0,True
104,2011-09-31,-74.9384,42.1497,0,True
105,2011-09-31,-74.9384,42.1497,1,True
106,2011-09-31,-74.9384,42.1497,1,True
107,2011-09-31,-74.5089,40.314,0,True
108,2011-09-31,-72.7622,41.5834,0,True
109,2011-09-31,-72.7093,44.0407,0,True
110,2011-09-31,-72.7093,44.0407,1,True
111,2011-09-31,-72.7093,44.0407,1,True
112,2011-09-31,-71.5314,42.2373,1,True
113,2011-09-31,-71.5101,41.6772,1,True
114,2012-09-31,-122.1269,44.5672,1,True
115,2012-09-31,-121.5708,47.3917,1,True
116,2012-09-31,-121.5708,47.3917,1,True
117,2012-09-31,-119.7462,36.17,0,True
118,2012-09-31,-119.7462,36.17,0,True
119,2012-09-31,-119.7462,36.17,1,True
120,2012-09-31,-119.7462,36.17,1,True
121,2012-09-31,-119.7462,36.17,1,True
122,2012-09-31,-119.7462,36.17,1,True
123,2012-09-31,-114.5103,44.2394,1,True
124,2012-09-31,-111.3877,33.7712,1,True
125,2012-09-31,-110.3261,46.9048,1,True
126,2012-09-31,-105.3272,39.0646,0,True
127,2012-09-31,-105.3272,39.0646,1,True
128,2012-09-31,-105.3272,39.0646,1,True
129,2012-09-31,-97.6475,31.106,1,True
130,2012-09-31,-97.6475,31.106,1,True
131,2012-09-31,-97.6475,31.106,1,True
132,2012-09-31,-89.6385,44.2563,0,True
133,2012-09-31,-89.0022,40.3363,1,True
134,2012-09-31,-86.7489,35.7449,0,True
135,2012-09-31,-84.6514,37.669,1,True
136,2012-09-31,-84.5603,43.3504,0,True
137,2012-09-31,-84.5603,43.3504,1,True
138,2012-09-31,-84.5603,43.3504,1,True
139,2012-09-31,-83.6487,32.9866,1,True
140,2012-09-31,-82.7755,40.3736,1,True
141,2012-09-31,-82.7755,40.3736,1,True
142,2012-09-31,-81.717,27.8333,0,True
143,2012-09-31,-81.717,27.8333,1,True
144,2012-09-31,-79.8431,35.6411,0,True
145,2012-09-31,-79.8431,35.6411,1,True
146,2012-09-31,-79.8431,35.6411,1,True
147,2012-09-31,-79.8431,35.6411,1,True
148,2012-09-31,-78.2057,37.768,0,True
149,2012-09-31,-78.2057,37.768,1,True
150,2012-09-31,-78.2057,37.768,1,True
151,2012-09-31,-78.2057,37.768,1,True
152,2012-09-31,-78.2057,37.768,1,True
153,2012-09-31,-77.264,40.5773,0,True
154,2012-09-31,-77.264,40.5773,1,True
155,2012-09-31,-76.7902,39.0724,1,True
156,2012-09-31,-74.9384,42.1497,0,True
157,2012-09-31,-74.9384,42.1497,0,True
158,2012-09-31,-74.9384,42.1497,1,True
159,2012-09-31,-74.9384,42.1497,1,True
160,2012-09-31,-74.9384,42.1497,1,True
161,2012-09-31,-74.9384,42.1497,1,True
162,2012-09-31,-74.9384,42.1497,1,True
163,2012-09-31,-74.9384,42.1497,1,True
164,2012-09-31,-74.9384,42.1497,1,True
165,2012-09-31,-74.5089,40.314,0,True
166,2012-09-31,-74.5089,40.314,1,True
167,2012-09-31,-74.5089,40.314,1,True
168,2012-09-31,-72.7622,41.5834,1,True
169,2012-09-31,-72.7622,41.5834,1,True
170,2012-09-31,-72.7093,44.0407,0,True
171,2012-09-31,-72.7093,44.0407,0,True
172,2012-09-31,-72.7093,44.0407,0,True
173,2012-09-31,-72.7093,44.0407,1,True
174,2012-09-31,-72.7093,44.0407,1,True
175,2012-09-31,-72.7093,44.0407,1,True
176,2012-09-31,-72.7093,44.0407,1,True
177,2012-09-31,-72.7093,44.0407,1,True
178,2012-09-31,-72.7093,44.0407,1,True
179,2012-09-31,-72.7093,44.0407,1,True
180,2012-09-31,-72.7093,44.0407,1,True
181,2012-09-31,-71.5314,42.2373,0,True
182,2012-09-31,-71.5314,42.2373,1,True
183,2012-09-31,-71.5314,42.2373,1,True
184,2012-09-31,-71.5314,42.2373,1,True
185,2012-09-31,-71.5314,42.2373,1,True
186,2012-09-31,-71.5314,42.2373,1,True
187,2012-09-31,-71.5101,41.6772,0,True
188,2012-09-31,-71.5101,41.6772,1,True
189,2012-09-31,-69.3977,44.6074,1,True
190,2012-09-31,-69.3977,44.6074,1,True
191,2012-09-31,-69.3977,44.6074,1,True
192,2013-09-31,-122.1269,44.5672,1,True
193,2013-09-31,-122.1269,44.5672,1,True
194,2013-09-31,-74.9384,42.1497,0,True
195,2013-09-31,-69.3977,44.6074,0,True
196,2014-09-31,-121.5708,47.3917,1,True
197,2014-09-31,-119.7462,36.17,1,True
198,2014-09-31,-111.3877,33.7712,0,True
199,2014-09-31,-111.3877,33.7712,1,True
200,2014-09-31,-111.3877,33.7712,1,True
201,2014-09-31,-97.6475,31.106,1,True
202,2014-09-31,-93.9196,45.7326,0,True
203,2014-09-31,-89.0022,40.3363,0,True
204,2014-09-31,-83.6487,32.9866,1,True
205,2014-09-31,-81.717,27.8333,1,True
206,2014-09-31,-79.8431,35.6411,1,True
207,2014-09-31,-78.2057,37.768,0,True
208,2014-09-31,-78.2057,37.768,0,True
209,2014-09-31,-78.2057,37.768,1,True
210,2014-09-31,-78.2057,37.768,1,True
211,2014-09-31,-78.2057,37.768,1,True
212,2014-09-31,-74.9384,42.1497,1,True
213,2014-09-31,-74.9384,42.1497,1,True
214,2014-09-31,-74.5089,40.314,1,True
215,2014-09-31,-72.7622,41.5834,0,True
216,2014-09-31,-72.7093,44.0407,0,True
217,2014-09-31,-71.5653,43.4108,1,True
218,2014-09-31,-71.5314,42.2373,1,True
219,2014-09-31,-71.5101,41.6772,1,True
220,2015-09-31,-157.5311,21.1098,0,True
221,2015-09-31,-157.5311,21.1098,0,True
222,2015-09-31,-157.5311,21.1098,1,True
223,2015-09-31,-157.5311,21.1098,1,True
224,2015-09-31,-152.2683,61.385,1,True
225,2015-09-31,-152.2683,61.385,1,True
226,2015-09-31,-122.1269,44.5672,0,True
227,2015-09-31,-122.1269,44.5672,0,True
228,2015-09-31,-122.1269,44.5672,0,True
229,2015-09-31,-122.1269,44.5672,0,True
230,2015-09-31,-122.1269,44.5672,0,True
231,2015-09-31,-122.1269,44.5672,0,True
232,2015-09-31,-122.1269,44.5672,0,True
233,2015-09-31,-122.1269,44.5672,1,True
234,2015-09-31,-122.1269,44.5672,1,True
235,2015-09-31,-122.1269,44.5672,1,True
236,2015-09-31,-122.1269,44.5672,1,True
237,2015-09-31,-122.1269,44.5672,1,True
238,2015-09-31,-122.1269,44.5672,1,True
239,2015-09-31,-122.1269,44.5672,1,True
240,2015-09-31,-122.1269,44.5672,1,True
241,2015-09-31,-121.5708,47.3917,0,True
242,2015-09-31,-121.5708,47.3917,0,True
243,2015-09-31,-121.5708,47.3917,0,True
244,2015-09-31,-121.5708,47.3917,1,True
245,2015-09-31,-121.5708,47.3917,1,True
246,2015-09-31,-121.5708,47.3917,1,True
247,2015-09-31,-121.5708,47.3917,1,True
248,2015-09-31,-121.5708,47.3917,1,True
249,2015-09-31,-121.5708,47.3917,1,True
250,2015-09-31,-121.5708,47.3917,1,True
251,2015-09-31,-121.5708,47.3917,1,True
252,2015-09-31,-121.5708,47.3917,1,True
253,2015-09-31,-121.5708,47.3917,1,True
254,2015-09-31,-121.5708,47.3917,1,True
255,2015-09-31,-121.5708,47.3917,1,True
256,2015-09-31,-119.7462,36.17,0,True
257,2015-09-31,-119.7462,36.17,0,True
258,2015-09-31,-119.7462,36.17,0,True
259,2015-09-31,-119.7462,36.17,0,True
260,2015-09-31,-119.7462,36.17,0,True
261,2015-09-31,-119.7462,36.17,0,True
262,2015-09-31,-119.7462,36.17,0,True
263,2015-09-31,-119.7462,36.17,0,True
264,2015-09-31,-119.7462,36.17,0,True
265,2015-09-31,-119.7462,36.17,0,True
266,2015-09-31,-119.7462,36.17,1,True
267,2015-09-31,-119.7462,36.17,1,True
268,2015-09-31,-119.7462,36.17,1,True
269,2015-09-31,-119.7462,36.17,1,True
270,2015-09-31,-119.7462,36.17,1,True
271,2015-09-31,-119.7462,36.17,1,True
272,2015-09-31,-119.7462,36.17,1,True
273,2015-09-31,-119.7462,36.17,1,True
274,2015-09-31,-119.7462,36.17,1,True
275,2015-09-31,-119.7462,36.17,1,True
276,2015-09-31,-119.7462,36.17,1,True
277,2015-09-31,-119.7462,36.17,1,True
278,2015-09-31,-119.7462,36.17,1,True
279,2015-09-31,-119.7462,36.17,1,True
280,2015-09-31,-119.7462,36.17,1,True
281,2015-09-31,-119.7462,36.17,1,True
282,2015-09-31,-119.7462,36.17,1,True
283,2015-09-31,-119.7462,36.17,1,True
284,2015-09-31,-119.7462,36.17,1,True
285,2015-09-31,-119.7462,36.17,1,True
286,2015-09-31,-119.7462,36.17,1,True
287,2015-09-31,-119.7462,36.17,1,True
288,2015-09-31,-119.7462,36.17,1,True
289,2015-09-31,-119.7462,36.17,1,True
290,2015-09-31,-119.7462,36.17,1,True
291,2015-09-31,-119.7462,36.17,1,True
292,2015-09-31,-119.7462,36.17,1,True
293,2015-09-31,-119.7462,36.17,1,True
294,2015-09-31,-119.7462,36.17,1,True
295,2015-09-31,-119.7462,36.17,1,True
296,2015-09-31,-119.7462,36.17,1,True
297,2015-09-31,-119.7462,36.17,1,True
298,2015-09-31,-119.7462,36.17,1,True
299,2015-09-31,-119.7462,36.17,1,True
300,2015-09-31,-119.7462,36.17,1,True
301,2015-09-31,-119.7462,36.17,1,True
302,2015-09-31,-119.7462,36.17,1,True
303,2015-09-31,-119.7462,36.17,1,True
304,2015-09-31,-119.7462,36.17,1,True
305,2015-09-31,-119.7462,36.17,1,True
306,2015-09-31,-119.7462,36.17,1,True
307,2015-09-31,-119.7462,36.17,1,True
308,2015-09-31,-119.7462,36.17,1,True
309,2015-09-31,-119.7462,36.17,1,True
310,2015-09-31,-119.7462,36.17,1,True
311,2015-09-31,-117.1219,38.4199,0,True
312,2015-09-31,-117.1219,38.4199,0,True
313,2015-09-31,-117.1219,38.4199,1,True
314,2015-09-31,-117.1219,38.4199,1,True
315,2015-09-31,-117.1219,38.4199,1,True
316,2015-09-31,-117.1219,38.4199,1,True
317,2015-09-31,-114.5103,44.2394,1,True
318,2015-09-31,-114.5103,44.2394,1,True
319,2015-09-31,-114.5103,44.2394,1,True
320,2015-09-31,-114.5103,44.2394,1,True
321,2015-09-31,-114.5103,44.2394,1,True
322,2015-09-31,-114.5103,44.2394,1,True
323,2015-09-31,-114.5103,44.2394,1,True
324,2015-09-31,-114.5103,44.2394,1,True
325,2015-09-31,-111.8535,40.1135,1,True
326,2015-09-31,-111.8535,40.1135,1,True
327,2015-09-31,-111.8535,40.1135,1,True
328,2015-09-31,-111.8535,40.1135,1,True
329,2015-09-31,-111.8535,40.1135,1,True
330,2015-09-31,-111.3877,33.7712,1,True
331,2015-09-31,-111.3877,33.7712,1,True
332,2015-09-31,-111.3877,33.7712,1,True
333,2015-09-31,-111.3877,33.7712,1,True
334,2015-09-31,-111.3877,33.7712,1,True
335,2015-09-31,-110.3261,46.9048,0,True
336,2015-09-31,-110.3261,46.9048,0,True
337,2015-09-31,-110.3261,46.9048,0,True
338,2015-09-31,-110.3261,46.9048,1,True
339,2015-09-31,-110.3261,46.9048,1,True
340,2015-09-31,-110.3261,46.9048,1,True
341,2015-09-31,-110.3261,46.9048,1,True
342,2015-09-31,-110.3261,46.9048,1,True
343,2015-09-31,-110.3261,46.9048,1,True
344,2015-09-31,-110.3261,46.9048,1,True
345,2015-09-31,-106.2371,34.8375,0,True
346,2015-09-31,-106.2371,34.8375,0,True
347,2015-09-31,-106.2371,34.8375,0,True
348,2015-09-31,-106.2371,34.8375,0,True
349,2015-09-31,-106.2371,34.8375,0,True
350,2015-09-31,-106.2371,34.8375,1,True
351,2015-09-31,-106.2371,34.8375,1,True
352,2015-09-31,-106.2371,34.8375,1,True
353,2015-09-31,-106.2371,34.8375,1,True
354,2015-09-31,-106.2371,34.8375,1,True
355,2015-09-31,-106.2371,34.8375,1,True
356,2015-09-31,-106.2371,34.8375,1,True
357,2015-09-31,-106.2371,34.8375,1,True
358,2015-09-31,-106.2371,34.8375,1,True
359,2015-09-31,-106.2371,34.8375,1,True
360,2015-09-31,-106.2371,34.8375,1,True
361,2015-09-31,-106.2371,34.8375,1,True
362,2015-09-31,-106.2371,34.8375,1,True
363,2015-09-31,-105.3272,39.0646,0,True
364,2015-09-31,-105.3272,39.0646,0,True
365,2015-09-31,-105.3272,39.0646,0,True
366,2015-09-31,-105.3272,39.0646,0,True
367,2015-09-31,-105.3272,39.0646,0,True
368,2015-09-31,-105.3272,39.0646,0,True
369,2015-09-31,-105.3272,39.0646,1,True
370,2015-09-31,-105.3272,39.0646,1,True
371,2015-09-31,-105.3272,39.0646,1,True
372,2015-09-31,-105.3272,39.0646,1,True
373,2015-09-31,-105.3272,39.0646,1,True
374,2015-09-31,-105.3272,39.0646,1,True
375,2015-09-31,-105.3272,39.0646,1,True
376,2015-09-31,-105.3272,39.0646,1,True
377,2015-09-31,-105.3272,39.0646,1,True
378,2015-09-31,-105.3272,39.0646,1,True
379,2015-09-31,-105.3272,39.0646,1,True
380,2015-09-31,-105.3272,39.0646,1,True
381,2015-09-31,-105.3272,39.0646,1,True
382,2015-09-31,-105.3272,39.0646,1,True
383,2015-09-31,-98.2883,41.1289,1,True
384,2015-09-31,-98.2883,41.1289,1,True
385,2015-09-31,-97.6475,31.106,0,True
386,2015-09-31,-97.6475,31.106,0,True
387,2015-09-31,-97.6475,31.106,0,True
388,2015-09-31,-97.6475,31.106,0,True
389,2015-09-31,-97.6475,31.106,0,True
390,2015-09-31,-97.6475,31.106,0,True
391,2015-09-31,-97.6475,31.106,1,True
392,2015-09-31,-97.6475,31.106,1,True
393,2015-09-31,-97.6475,31.106,1,True
394,2015-09-31,-97.6475,31.106,1,True
395,2015-09-31,-97.6475,31.106,1,True
396,2015-09-31,-97.6475,31.106,1,True
397,2015-09-31,-97.6475,31.106,1,True
398,2015-09-31,-97.6475,31.106,1,True
399,2015-09-31,-97.6475,31.106,1,True
400,2015-09-31,-97.6475,31.106,1,True
401,2015-09-31,-97.6475,31.106,1,True
402,2015-09-31,-97.6475,31.106,1,True
403,2015-09-31,-97.6475,31.106,1,True
404,2015-09-31,-97.6475,31.106,1,True
405,2015-09-31,-97.6475,31.106,1,True
406,2015-09-31,-96.9247,35.5376,0,True
407,2015-09-31,-96.9247,35.5376,1,True
408,2015-09-31,-96.9247,35.5376,1,True
409,2015-09-31,-96.8005,38.5111,0,True
410,2015-09-31,-93.9196,45.7326,0,True
411,2015-09-31,-93.9196,45.7326,0,True
412,2015-09-31,-93.9196,45.7326,0,True
413,2015-09-31,-93.9196,45.7326,0,True
414,2015-09-31,-93.9196,45.7326,1,True
415,2015-09-31,-93.9196,45.7326,1,True
416,2015-09-31,-93.9196,45.7326,1,True
417,2015-09-31,-93.9196,45.7326,1,True
418,2015-09-31,-93.9196,45.7326,1,True
419,2015-09-31,-93.9196,45.7326,1,True
420,2015-09-31,-93.9196,45.7326,1,True
421,2015-09-31,-93.9196,45.7326,1,True
422,2015-09-31,-93.9196,45.7326,1,True
423,2015-09-31,-93.9196,45.7326,1,True
424,2015-09-31,-93.9196,45.7326,1,True
425,2015-09-31,-93.214,42.0046,0,True
426,2015-09-31,-93.214,42.0046,0,True
427,2015-09-31,-93.214,42.0046,0,True
428,2015-09-31,-93.214,42.0046,0,True
429,2015-09-31,-93.214,42.0046,1,True
430,2015-09-31,-93.214,42.0046,1,True
431,2015-09-31,-93.214,42.0046,1,True
432,2015-09-31,-93.214,42.0046,1,True
433,2015-09-31,-93.214,42.0046,1,True
434,2015-09-31,-92.3809,34.9513,1,True
435,2015-09-31,-92.302,38.4623,1,True
436,2015-09-31,-92.302,38.4623,1,True
437,2015-09-31,-92.302,38.4623,1,True
438,2015-09-31,-92.302,38.4623,1,True
439,2015-09-31,-92.302,38.4623,1,True
440,2015-09-31,-91.8749,31.1801,0,True
441,2015-09-31,-91.8749,31.1801,1,True
442,2015-09-31,-91.8749,31.1801,1,True
443,2015-09-31,-91.8749,31.1801,1,True
444,2015-09-31,-91.8749,31.1801,1,True
445,2015-09-31,-89.6812,32.7673,0,True
446,2015-09-31,-89.6812,32.7673,1,True
447,2015-09-31,-89.6385,44.2563,0,True
448,2015-09-31,-89.6385,44.2563,0,True
449,2015-09-31,-89.6385,44.2563,0,True
450,2015-09-31,-89.6385,44.2563,0,True
451,2015-09-31,-89.6385,44.2563,0,True
452,2015-09-31,-89.6385,44.2563,1,True
453,2015-09-31,-89.6385,44.2563,1,True
454,2015-09-31,-89.6385,44.2563,1,True
455,2015-09-31,-89.6385,44.2563,1,True
456,2015-09-31,-89.6385,44.2563,1,True
457,2015-09-31,-89.6385,44.2563,1,True
458,2015-09-31,-89.0022,40.3363,0,True
459,2015-09-31,-89.0022,40.3363,0,True
460,2015-09-31,-89.0022,40.3363,0,True
461,2015-09-31,-89.0022,40.3363,0,True
462,2015-09-31,-89.0022,40.3363,1,True
463,2015-09-31,-89.0022,40.3363,1,True
464,2015-09-31,-89.0022,40.3363,1,True
465,2015-09-31,-89.0022,40.3363,1,True
466,2015-09-31,-89.0022,40.3363,1,True
467,2015-09-31,-89.0022,40.3363,1,True
468,2015-09-31,-89.0022,40.3363,1,True
469,2015-09-31,-89.0022,40.3363,1,True
470,2015-09-31,-89.0022,40.3363,1,True
471,2015-09-31,-89.0022,40.3363,1,True
472,2015-09-31,-89.0022,40.3363,1,True
473,2015-09-31,-89.0022,40.3363,1,True
474,2015-09-31,-89.0022,40.3363,1,True
475,2015-09-31,-89.0022,40.3363,1,True
476,2015-09-31,-86.8073,32.799,0,True
477,2015-09-31,-86.8073,32.799,1,True
478,2015-09-31,-86.8073,32.799,1,True
479,2015-09-31,-86.8073,32.799,1,True
480,2015-09-31,-86.7489,35.7449,0,True
481,2015-09-31,-86.7489,35.7449,0,True
482,2015-09-31,-86.7489,35.7449,0,True
483,2015-09-31,-86.7489,35.7449,1,True
484,2015-09-31,-86.7489,35.7449,1,True
485,2015-09-31,-86.7489,35.7449,1,True
486,2015-09-31,-86.7489,35.7449,1,True
487,2015-09-31,-86.7489,35.7449,1,True
488,2015-09-31,-86.7489,35.7449,1,True
489,2015-09-31,-86.2604,39.8647,0,True
490,2015-09-31,-86.2604,39.8647,0,True
491,2015-09-31,-86.2604,39.8647,0,True
492,2015-09-31,-86.2604,39.8647,0,True
493,2015-09-31,-86.2604,39.8647,0,True
494,2015-09-31,-86.2604,39.8647,1,True
495,2015-09-31,-86.2604,39.8647,1,True
496,2015-09-31,-86.2604,39.8647,1,True
497,2015-09-31,-86.2604,39.8647,1,True
498,2015-09-31,-86.2604,39.8647,1,True
499,2015-09-31,-84.5603,43.3504,0,True
500,2015-09-31,-84.5603,43.3504,0,True
501,2015-09-31,-84.5603,43.3504,0,True
502,2015-09-31,-84.5603,43.3504,0,True
503,2015-09-31,-84.5603,43.3504,0,True
504,2015-09-31,-84.5603,43.3504,0,True
505,2015-09-31,-84.5603,43.3504,1,True
506,2015-09-31,-84.5603,43.3504,1,True
507,2015-09-31,-84.5603,43.3504,1,True
508,2015-09-31,-84.5603,43.3504,1,True
509,2015-09-31,-84.5603,43.3504,1,True
510,2015-09-31,-84.5603,43.3504,1,True
511,2015-09-31,-84.5603,43.3504,1,True
512,2015-09-31,-84.5603,43.3504,1,True
513,2015-09-31,-84.5603,43.3504,1,True
514,2015-09-31,-83.6487,32.9866,0,True
515,2015-09-31,-83.6487,32.9866,0,True
516,2015-09-31,-83.6487,32.9866,1,True
517,2015-09-31,-83.6487,32.9866,1,True
518,2015-09-31,-83.6487,32.9866,1,True
519,2015-09-31,-83.6487,32.9866,1,True
520,2015-09-31,-83.6487,32.9866,1,True
521,2015-09-31,-83.6487,32.9866,1,True
522,2015-09-31,-83.6487,32.9866,1,True
523,2015-09-31,-83.6487,32.9866,1,True
524,2015-09-31,-83.6487,32.9866,1,True
525,2015-09-31,-82.7755,40.3736,0,True
526,2015-09-31,-82.7755,40.3736,0,True
527,2015-09-31,-82.7755,40.3736,0,True
528,2015-09-31,-82.7755,40.3736,0,True
529,2015-09-31,-82.7755,40.3736,0,True
530,2015-09-31,-82.7755,40.3736,1,True
531,2015-09-31,-82.7755,40.3736,1,True
532,2015-09-31,-82.7755,40.3736,1,True
533,2015-09-31,-82.7755,40.3736,1,True
534,2015-09-31,-82.7755,40.3736,1,True
535,2015-09-31,-82.7755,40.3736,1,True
536,2015-09-31,-82.7755,40.3736,1,True
537,2015-09-31,-82.7755,40.3736,1,True
538,2015-09-31,-82.7755,40.3736,1,True
539,2015-09-31,-82.7755,40.3736,1,True
540,2015-09-31,-82.7755,40.3736,1,True
541,2015-09-31,-82.7755,40.3736,1,True
542,2015-09-31,-81.717,27.8333,0,True
543,2015-09-31,-81.717,27.8333,0,True
544,2015-09-31,-81.717,27.8333,0,True
545,2015-09-31,-81.717,27.8333,0,True
546,2015-09-31,-81.717,27.8333,0,True
547,2015-09-31,-81.717,27.8333,0,True
548,2015-09-31,-81.717,27.8333,0,True
549,2015-09-31,-81.717,27.8333,0,True
550,2015-09-31,-81.717,27.8333,0,True
551,2015-09-31,-81.717,27.8333,1,True
552,2015-09-31,-81.717,27.8333,1,True
553,2015-09-31,-81.717,27.8333,1,True
554,2015-09-31,-81.717,27.8333,1,True
555,2015-09-31,-81.717,27.8333,1,True
556,2015-09-31,-81.717,27.8333,1,True
557,2015-09-31,-81.717,27.8333,1,True
558,2015-09-31,-81.717,27.8333,1,True
559,2015-09-31,-81.717,27.8333,1,True
560,2015-09-31,-81.717,27.8333,1,True
561,2015-09-31,-81.717,27.8333,1,True
562,2015-09-31,-81.717,27.8333,1,True
563,2015-09-31,-81.717,27.8333,1,True
564,2015-09-31,-81.717,27.8333,1,True
565,2015-09-31,-81.717,27.8333,1,True
566,2015-09-31,-81.717,27.8333,1,True
567,2015-09-31,-81.717,27.8333,1,True
568,2015-09-31,-81.717,27.8333,1,True
569,2015-09-31,-81.717,27.8333,1,True
570,2015-09-31,-81.717,27.8333,1,True
571,2015-09-31,-80.9066,33.8191,0,True
572,2015-09-31,-80.9066,33.8191,1,True
573,2015-09-31,-80.9066,33.8191,1,True
574,2015-09-31,-80.9066,33.8191,1,True
575,2015-09-31,-80.9066,33.8191,1,True
576,2015-09-31,-80.9066,33.8191,1,True
577,2015-09-31,-80.9066,33.8191,1,True
578,2015-09-31,-80.9066,33.8191,1,True
579,2015-09-31,-80.9066,33.8191,1,True
580,2015-09-31,-80.9066,33.8191,1,True
581,2015-09-31,-79.8431,35.6411,0,True
582,2015-09-31,-79.8431,35.6411,0,True
583,2015-09-31,-79.8431,35.6411,0,True
584,2015-09-31,-79.8431,35.6411,0,True
585,2015-09-31,-79.8431,35.6411,0,True
586,2015-09-31,-79.8431,35.6411,0,True
587,2015-09-31,-79.8431,35.6411,0,True
588,2015-09-31,-79.8431,35.6411,0,True
589,2015-09-31,-79.8431,35.6411,0,True
590,2015-09-31,-79.8431,35.6411,1,True
591,2015-09-31,-79.8431,35.6411,1,True
592,2015-09-31,-79.8431,35.6411,1,True
593,2015-09-31,-79.8431,35.6411,1,True
594,2015-09-31,-79.8431,35.6411,1,True
595,2015-09-31,-79.8431,35.6411,1,True
596,2015-09-31,-79.8431,35.6411,1,True
597,2015-09-31,-79.8431,35.6411,1,True
598,2015-09-31,-79.8431,35.6411,1,True
599,2015-09-31,-79.8431,35.6411,1,True
600,2015-09-31,-79.8431,35.6411,1,True
601,2015-09-31,-79.8431,35.6411,1,True
602,2015-09-31,-79.8431,35.6411,1,True
603,2015-09-31,-79.8431,35.6411,1,True
604,2015-09-31,-79.8431,35.6411,1,True
605,2015-09-31,-79.8431,35.6411,1,True
606,2015-09-31,-78.2057,37.768,0,True
607,2015-09-31,-78.2057,37.768,0,True
608,2015-09-31,-78.2057,37.768,0,True
609,2015-09-31,-78.2057,37.768,0,True
610,2015-09-31,-78.2057,37.768,0,True
611,2015-09-31,-78.2057,37.768,0,True
612,2015-09-31,-78.2057,37.768,0,True
613,2015-09-31,-78.2057,37.768,0,True
614,2015-09-31,-78.2057,37.768,1,True
615,2015-09-31,-78.2057,37.768,1,True
616,2015-09-31,-78.2057,37.768,1,True
617,2015-09-31,-78.2057,37.768,1,True
618,2015-09-31,-78.2057,37.768,1,True
619,2015-09-31,-78.2057,37.768,1,True
620,2015-09-31,-78.2057,37.768,1,True
621,2015-09-31,-78.2057,37.768,1,True
622,2015-09-31,-78.2057,37.768,1,True
623,2015-09-31,-78.2057,37.768,1,True
624,2015-09-31,-78.2057,37.768,1,True
625,2015-09-31,-78.2057,37.768,1,True
626,2015-09-31,-78.2057,37.768,1,True
627,2015-09-31,-78.2057,37.768,1,True
628,2015-09-31,-78.2057,37.768,1,True
629,2015-09-31,-78.2057,37.768,1,True
630,2015-09-31,-78.2057,37.768,1,True
631,2015-09-31,-78.2057,37.768,1,True
632,2015-09-31,-78.2057,37.768,1,True
633,2015-09-31,-78.2057,37.768,1,True
634,2015-09-31,-78.2057,37.768,1,True
635,2015-09-31,-78.2057,37.768,1,True
636,2015-09-31,-78.2057,37.768,1,True
637,2015-09-31,-78.2057,37.768,1,True
638,2015-09-31,-78.2057,37.768,1,True
639,2015-09-31,-77.264,40.5773,0,True
640,2015-09-31,-77.264,40.5773,0,True
641,2015-09-31,-77.264,40.5773,0,True
642,2015-09-31,-77.264,40.5773,0,True
643,2015-09-31,-77.264,40.5773,0,True
644,2015-09-31,-77.264,40.5773,0,True
645,2015-09-31,-77.264,40.5773,0,True
646,2015-09-31,-77.264,40.5773,0,True
647,2015-09-31,-77.264,40.5773,1,True
648,2015-09-31,-77.264,40.5773,1,True
649,2015-09-31,-77.264,40.5773,1,True
650,2015-09-31,-77.264,40.5773,1,True
651,2015-09-31,-77.264,40.5773,1,True
652,2015-09-31,-77.264,40.5773,1,True
653,2015-09-31,-77.264,40.5773,1,True
654,2015-09-31,-77.264,40.5773,1,True
655,2015-09-31,-77.264,40.5773,1,True
656,2015-09-31,-77.264,40.5773,1,True
657,2015-09-31,-77.264,40.5773,1,True
658,2015-09-31,-77.264,40.5773,1,True
659,2015-09-31,-77.264,40.5773,1,True
660,2015-09-31,-77.264,40.5773,1,True
661,2015-09-31,-77.264,40.5773,1,True
662,2015-09-31,-77.264,40.5773,1,True
663,2015-09-31,-77.264,40.5773,1,True
664,2015-09-31,-77.0262,38.8964,0,True
665,2015-09-31,-77.0262,38.8964,1,True
666,2015-09-31,-77.0262,38.8964,1,True
667,2015-09-31,-77.0262,38.8964,1,True
668,2015-09-31,-76.7902,39.0724,0,True
669,2015-09-31,-76.7902,39.0724,0,True
670,2015-09-31,-76.7902,39.0724,1,True
671,2015-09-31,-76.7902,39.0724,1,True
672,2015-09-31,-76.7902,39.0724,1,True
673,2015-09-31,-76.7902,39.0724,1,True
674,2015-09-31,-76.7902,39.0724,1,True
675,2015-09-31,-76.7902,39.0724,1,True
676,2015-09-31,-76.7902,39.0724,1,True
677,2015-09-31,-76.7902,39.0724,1,True
678,2015-09-31,-76.7902,39.0724,1,True
679,2015-09-31,-76.7902,39.0724,1,True
680,2015-09-31,-76.7902,39.0724,1,True
681,2015-09-31,-76.7902,39.0724,1,True
682,2015-09-31,-76.7902,39.0724,1,True
683,2015-09-31,-76.7902,39.0724,1,True
684,2015-09-31,-75.5148,39.3498,0,True
685,2015-09-31,-75.5148,39.3498,0,True
686,2015-09-31,-75.5148,39.3498,1,True
687,2015-09-31,-75.5148,39.3498,1,True
688,2015-09-31,-74.9384,42.1497,0,True
689,2015-09-31,-74.9384,42.1497,0,True
690,2015-09-31,-74.9384,42.1497,0,True
691,2015-09-31,-74.9384,42.1497,0,True
692,2015-09-31,-74.9384,42.1497,0,True
693,2015-09-31,-74.9384,42.1497,0,True
694,2015-09-31,-74.9384,42.1497,0,True
695,2015-09-31,-74.9384,42.1497,0,True
696,2015-09-31,-74.9384,42.1497,0,True
697,2015-09-31,-74.9384,42.1497,0,True
698,2015-09-31,-74.9384,42.1497,0,True
699,2015-09-31,-74.9384,42.1497,0,True
700,2015-09-31,-74.9384,42.1497,0,True
701,2015-09-31,-74.9384,42.1497,0,True
702,2015-09-31,-74.9384,42.1497,0,True
703,2015-09-31,-74.9384,42.1497,0,True
704,2015-09-31,-74.9384,42.1497,0,True
705,2015-09-31,-74.9384,42.1497,0,True
706,2015-09-31,-74.9384,42.1497,0,True
707,2015-09-31,-74.9384,42.1497,0,True
708,2015-09-31,-74.9384,42.1497,1,True
709,2015-09-31,-74.9384,42.1497,1,True
710,2015-09-31,-74.9384,42.1497,1,True
711,2015-09-31,-74.9384,42.1497,1,True
712,2015-09-31,-74.9384,42.1497,1,True
713,2015-09-31,-74.9384,42.1497,1,True
714,2015-09-31,-74.9384,42.1497,1,True
715,2015-09-31,-74.9384,42.1497,1,True
716,2015-09-31,-74.9384,42.1497,1,True
717,2015-09-31,-74.9384,42.1497,1,True
718,2015-09-31,-74.9384,42.1497,1,True
719,2015-09-31,-74.9384,42.1497,1,True
720,2015-09-31,-74.9384,42.1497,1,True
721,2015-09-31,-74.9384,42.1497,1,True
722,2015-09-31,-74.9384,42.1497,1,True
723,2015-09-31,-74.9384,42.1497,1,True
724,2015-09-31,-74.9384,42.1497,1,True
725,2015-09-31,-74.9384,42.1497,1,True
726,2015-09-31,-74.9384,42.1497,1,True
727,2015-09-31,-74.9384,42.1497,1,True
728,2015-09-31,-74.9384,42.1497,1,True
729,2015-09-31,-74.9384,42.1497,1,True
730,2015-09-31,-74.9384,42.1497,1,True
731,2015-09-31,-74.9384,42.1497,1,True
732,2015-09-31,-74.9384,42.1497,1,True
733,2015-09-31,-74.9384,42.1497,1,True
734,2015-09-31,-74.9384,42.1497,1,True
735,2015-09-31,-74.9384,42.1497,1,True
736,2015-09-31,-74.9384,42.1497,1,True
737,2015-09-31,-74.9384,42.1497,1,True
738,2015-09-31,-74.9384,42.1497,1,True
739,2015-09-31,-74.9384,42.1497,1,True
740,2015-09-31,-74.9384,42.1497,1,True
741,2015-09-31,-74.9384,42.1497,1,True
742,2015-09-31,-74.9384,42.1497,1,True
743,2015-09-31,-74.9384,42.1497,1,True
744,2015-09-31,-74.9384,42.1497,1,True
745,2015-09-31,-74.9384,42.1497,1,True
746,2015-09-31,-74.9384,42.1497,1,True
747,2015-09-31,-74.9384,42.1497,1,True
748,2015-09-31,-74.9384,42.1497,1,True
749,2015-09-31,-74.9384,42.1497,1,True
750,2015-09-31,-74.9384,42.1497,1,True
751,2015-09-31,-74.9384,42.1497,1,True
752,2015-09-31,-74.9384,42.1497,1,True
753,2015-09-31,-74.9384,42.1497,1,True
754,2015-09-31,-74.9384,42.1497,1,True
755,2015-09-31,-74.5089,40.314,0,True
756,2015-09-31,-74.5089,40.314,0,True
757,2015-09-31,-74.5089,40.314,0,True
758,2015-09-31,-74.5089,40.314,0,True
759,2015-09-31,-74.5089,40.314,0,True
760,2015-09-31,-74.5089,40.314,0,True
761,2015-09-31,-74.5089,40.314,0,True
762,2015-09-31,-74.5089,40.314,0,True
763,2015-09-31,-74.5089,40.314,0,True
764,2015-09-31,-74.5089,40.314,1,True
765,2015-09-31,-74.5089,40.314,1,True
766,2015-09-31,-74.5089,40.314,1,True
767,2015-09-31,-74.5089,40.314,1,True
768,2015-09-31,-74.5089,40.314,1,True
769,2015-09-31,-74.5089,40.314,1,True
770,2015-09-31,-74.5089,40.314,1,True
771,2015-09-31,-74.5089,40.314,1,True
772,2015-09-31,-74.5089,40.314,1,True
773,2015-09-31,-74.5089,40.314,1,True
774,2015-09-31,-74.5089,40.314,1,True
775,2015-09-31,-74.5089,40.314,1,True
776,2015-09-31,-74.5089,40.314,1,True
777,2015-09-31,-74.5089,40.314,1,True
778,2015-09-31,-74.5089,40.314,1,True
779,2015-09-31,-74.5089,40.314,1,True
780,2015-09-31,-74.5089,40.314,1,True
781,2015-09-31,-74.5089,40.314,1,True
782,2015-09-31,-74.5089,40.314,1,True
783,2015-09-31,-74.5089,40.314,1,True
784,2015-09-31,-74.5089,40.314,1,True
785,2015-09-31,-74.5089,40.314,1,True
786,2015-09-31,-74.5089,40.314,1,True
787,2015-09-31,-74.5089,40.314,1,True
788,2015-09-31,-74.5089,40.314,1,True
789,2015-09-31,-74.5089,40.314,1,True
790,2015-09-31,-74.5089,40.314,1,True
791,2015-09-31,-74.5089,40.314,1,True
792,2015-09-31,-72.7622,41.5834,0,True
793,2015-09-31,-72.7622,41.5834,0,True
794,2015-09-31,-72.7622,41.5834,0,True
795,2015-09-31,-72.7622,41.5834,0,True
796,2015-09-31,-72.7622,41.5834,0,True
797,2015-09-31,-72.7622,41.5834,1,True
798,2015-09-31,-72.7622,41.5834,1,True
799,2015-09-31,-72.7622,41.5834,1,True
800,2015-09-31,-72.7622,41.5834,1,True
801,2015-09-31,-72.7622,41.5834,1,True
802,2015-09-31,-72.7622,41.5834,1,True
803,2015-09-31,-72.7622,41.5834,1,True
804,2015-09-31,-72.7622,41.5834,1,True
805,2015-09-31,-72.7622,41.5834,1,True
806,2015-09-31,-72.7622,41.5834,1,True
807,2015-09-31,-72.7622,41.5834,1,True
808,2015-09-31,-72.7622,41.5834,1,True
809,2015-09-31,-72.7622,41.5834,1,True
810,2015-09-31,-72.7622,41.5834,1,True
811,2015-09-31,-72.7622,41.5834,1,True
812,2015-09-31,-72.7622,41.5834,1,True
813,2015-09-31,-72.7622,41.5834,1,True
814,2015-09-31,-72.7622,41.5834,1,True
815,2015-09-31,-72.7622,41.5834,1,True
816,2015-09-31,-72.7622,41.5834,1,True
817,2015-09-31,-72.7622,41.5834,1,True
818,2015-09-31,-72.7093,44.0407,0,True
819,2015-09-31,-72.7093,44.0407,0,True
820,2015-09-31,-72.7093,44.0407,0,True
821,2015-09-31,-72.7093,44.0407,0,True
822,2015-09-31,-72.7093,44.0407,1,True
823,2015-09-31,-72.7093,44.0407,1,True
824,2015-09-31,-72.7093,44.0407,1,True
825,2015-09-31,-72.7093,44.0407,1,True
826,2015-09-31,-72.7093,44.0407,1,True
827,2015-09-31,-72.7093,44.0407,1,True
828,2015-09-31,-72.7093,44.0407,1,True
829,2015-09-31,-72.7093,44.0407,1,True
830,2015-09-31,-72.7093,44.0407,1,True
831,2015-09-31,-72.7093,44.0407,1,True
832,2015-09-31,-72.7093,44.0407,1,True
833,2015-09-31,-72.7093,44.0407,1,True
834,2015-09-31,-72.7093,44.0407,1,True
835,2015-09-31,-72.7093,44.0407,1,True
836,2015-09-31,-72.7093,44.0407,1,True
837,2015-09-31,-72.7093,44.0407,1,True
838,2015-09-31,-72.7093,44.0407,1,True
839,2015-09-31,-72.7093,44.0407,1,True
840,2015-09-31,-72.7093,44.0407,1,True
841,2015-09-31,-71.5653,43.4108,0,True
842,2015-09-31,-71.5653,43.4108,0,True
843,2015-09-31,-71.5653,43.4108,0,True
844,2015-09-31,-71.5653,43.4108,0,True
845,2015-09-31,-71.5653,43.4108,0,True
846,2015-09-31,-71.5653,43.4108,1,True
847,2015-09-31,-71.5653,43.4108,1,True
848,2015-09-31,-71.5653,43.4108,1,True
849,2015-09-31,-71.5653,43.4108,1,True
850,2015-09-31,-71.5653,43.4108,1,True
851,2015-09-31,-71.5653,43.4108,1,True
852,2015-09-31,-71.5653,43.4108,1,True
853,2015-09-31,-71.5653,43.4108,1,True
854,2015-09-31,-71.5653,43.4108,1,True
855,2015-09-31,-71.5653,43.4108,1,True
856,2015-09-31,-71.5653,43.4108,1,True
857,2015-09-31,-71.5653,43.4108,1,True
858,2015-09-31,-71.5653,43.4108,1,True
859,2015-09-31,-71.5653,43.4108,1,True
860,2015-09-31,-71.5314,42.2373,0,True
861,2015-09-31,-71.5314,42.2373,0,True
862,2015-09-31,-71.5314,42.2373,0,True
863,2015-09-31,-71.5314,42.2373,0,True
864,2015-09-31,-71.5314,42.2373,0,True
865,2015-09-31,-71.5314,42.2373,1,True
866,2015-09-31,-71.5314,42.2373,1,True
867,2015-09-31,-71.5314,42.2373,1,True
868,2015-09-31,-71.5314,42.2373,1,True
869,2015-09-31,-71.5314,42.2373,1,True
870,2015-09-31,-71.5314,42.2373,1,True
871,2015-09-31,-71.5314,42.2373,1,True
872,2015-09-31,-71.5314,42.2373,1,True
873,2015-09-31,-71.5314,42.2373,1,True
874,2015-09-31,-71.5314,42.2373,1,True
875,2015-09-31,-71.5314,42.2373,1,True
876,2015-09-31,-71.5314,42.2373,1,True
877,2015-09-31,-71.5314,42.2373,1,True
878,2015-09-31,-71.5314,42.2373,1,True
879,2015-09-31,-71.5314,42.2373,1,True
880,2015-09-31,-71.5314,42.2373,1,True
881,2015-09-31,-71.5314,42.2373,1,True
882,2015-09-31,-71.5314,42.2373,1,True
883,2015-09-31,-71.5314,42.2373,1,True
884,2015-09-31,-71.5314,42.2373,1,True
885,2015-09-31,-71.5314,42.2373,1,True
886,2015-09-31,-71.5314,42.2373,1,True
887,2015-09-31,-71.5101,41.6772,0,True
888,2015-09-31,-71.5101,41.6772,0,True
889,2015-09-31,-71.5101,41.6772,1,True
890,2015-09-31,-71.5101,41.6772,1,True
891,2015-09-31,-71.5101,41.6772,1,True
892,2015-09-31,-71.5101,41.6772,1,True
893,2015-09-31,-71.5101,41.6772,1,True
894,2015-09-31,-69.3977,44.6074,0,True
895,2015-09-31,-69.3977,44.6074,0,True
896,2015-09-31,-69.3977,44.6074,0,True
897,2015-09-31,-69.3977,44.6074,1,True
898,2015-09-31,-69.3977,44.6074,1,True
899,2015-09-31,-69.3977,44.6074,1,True
900,2015-09-31,-69.3977,44.6074,1,True
901,2015-09-31,-69.3977,44.6074,1,True
902,2015-09-31,-69.3977,44.6074,1,True
903,2015-09-31,-69.3977,44.6074,1,True
904,2015-09-31,-69.3977,44.6074,1,True
